<?xml version="1.0" encoding="UTF-8"?>

<Immunization xmlns="http://hl7.org/fhir">
  <id value="75680"/>
  <meta>
    <profile value="http://hl7.org/fhir/uv/ips/StructureDefinition/Immunization-uv-ips"/>
  </meta>
  <language value="fr-LU"/>
  <text>
    <status value="generated"/><div xmlns="http://www.w3.org/1999/xhtml" xml:lang="fr-LU" lang="fr-LU"><p class="res-header-id"><b>Generated Narrative: Immunization 75680</b></p><a name="75680"> </a><a name="hc75680"> </a><a name="75680-en-US"> </a><div style="display: inline-block; background-color: #d9e0e7; padding: 6px; margin: 4px; border: 1px solid #8da1b4; border-radius: 5px; line-height: 60%"><p style="margin-bottom: 0px">Language: fr-LU</p><p style="margin-bottom: 0px">Profile: <a href="StructureDefinition-Immunization-uv-ips.html">Immunization (IPS)</a></p></div><p><b>status</b>: Completed</p><p><b>vaccineCode</b>: <span title="Codes:{http://snomed.info/sct 871878002}, {http://www.whocc.no/atc J07CA02}, {https://cnk.apb.be/codings/cnk_product_codes 2374429}">Vaccin anti diphtérie-coqueluche-tétanos-poliomyélite</span></p><p><b>patient</b>: <a href="Patient-66033.html">Marie Lux-Brennard  Female, DoB: 1998-04-17 ( urn:oid:1.3.182.4.4#1998041799999)</a></p><p><b>occurrence</b>: 1998-06-04 00:00:00+0200</p><p><b>primarySource</b>: true</p><p><b>lotNumber</b>: AXK23RWERS</p><p><b>expirationDate</b>: 2000-06-01</p><p><b>site</b>: <span title="Codes:{http://snomed.info/sct 11207009}">Cuisse droite</span></p><p><b>route</b>: <span title="Codes:{http://standardterms.edqm.eu 20035000}">Voie intramusculaire</span></p></div>
  </text>
  <status value="completed"/>
  <vaccineCode>
    <coding>
      <system value="http://snomed.info/sct"/>
      <code value="871878002"/>
      <display value="Bordetella pertussis and Clostridium tetani and Corynebacterium diphtheriae and Human poliovirus antigens only vaccine product">
        <extension url="http://hl7.org/fhir/StructureDefinition/translation">
          <extension url="lang">
            <valueCode value="fr-LU"/>
          </extension>
          <extension url="content">
            <valueString value="Vaccin anti diphtérie-coqueluche-tétanos-poliomyélite"/>
          </extension>
        </extension>
      </display>
    </coding>
    <coding>
      <system value="http://www.whocc.no/atc"/>
      <code value="J07CA02"/>
      <display value="diphtheria-pertussis-poliomyelitis-tetanus">
        <extension url="http://hl7.org/fhir/StructureDefinition/translation">
          <extension url="lang">
            <valueCode value="fr-LU"/>
          </extension>
          <extension url="content">
            <valueString value="DIPHTERIE - COQUELUCHE - POLIOMYELITE - TETANOS"/>
          </extension>
        </extension>
      </display>
    </coding>
    <coding>
      <system value="https://cnk.apb.be/codings/cnk_product_codes"/>
      <code value="2374429"/>
      <display value="BOOSTRIX POLIO SER PREREMPL 1 X 0,5 ML"/>
    </coding>
    <text value="Vaccin anti diphtérie-coqueluche-tétanos-poliomyélite"/>
  </vaccineCode>
  <patient>
    <reference value="Patient/66033"/>
  </patient>
  <occurrenceDateTime value="1998-06-04T00:00:00+02:00"/>
  <primarySource value="true"/>
  <lotNumber value="AXK23RWERS"/>
  <expirationDate value="2000-06-01"/>
  <site>
    <coding>
      <system value="http://snomed.info/sct"/>
      <code value="11207009"/>
      <display value="Right thigh">
        <extension url="http://hl7.org/fhir/StructureDefinition/translation">
          <extension url="lang">
            <valueCode value="fr-LU"/>
          </extension>
          <extension url="content">
            <valueString value="Cuisse droite"/>
          </extension>
        </extension>
      </display>
    </coding>
    <text value="Cuisse droite"/>
  </site>
  <route>
    <coding>
      <system value="http://standardterms.edqm.eu"/>
      <code value="20035000"/>
      <display value="Intramuscular use">
        <extension url="http://hl7.org/fhir/StructureDefinition/translation">
          <extension url="lang">
            <valueCode value="fr-LU"/>
          </extension>
          <extension url="content">
            <valueString value="Voie intramusculaire"/>
          </extension>
        </extension>
      </display>
    </coding>
    <text value="Voie intramusculaire"/>
  </route>
</Immunization>