<?xml version="1.0" encoding="UTF-8"?>

<Observation xmlns="http://hl7.org/fhir">
  <id value="urine-wbc-range"/>
  <meta>
    <profile value="http://hl7.org/fhir/uv/ips/StructureDefinition/Observation-results-laboratory-pathology-uv-ips"/>
  </meta>
  <text>
    <status value="generated"/><div xmlns="http://www.w3.org/1999/xhtml"><p class="res-header-id"><b>Generated Narrative: Observation urine-wbc-range</b></p><a name="urine-wbc-range"> </a><a name="hcurine-wbc-range"> </a><a name="urine-wbc-range-en-US"> </a><p><b>status</b>: Final</p><p><b>category</b>: <span title="Codes:{http://terminology.hl7.org/CodeSystem/observation-category laboratory}">Laboratory</span></p><p><b>code</b>: <span title="Codes:{http://loinc.org 5821-4}">Leukocytes [#/area] in Urine sediment by Microscopy high power field</span></p><p><b>subject</b>: <a href="Patient-66033.html">Marie Lux-Brennard  Female, DoB: 1998-04-17 ( urn:oid:1.3.182.4.4#1998041799999)</a></p><p><b>effective</b>: 2018-02-16 09:17:00+0100</p><p><b>performer</b>: <a href="Organization-TII-Organization1.html">Organization Someplace General Hospital</a></p><p><b>value</b>: 10 per HPF<span style="background: LightGoldenRodYellow"> (Details: UCUM  code/[HPF] = '/[HPF]')</span></p><p><b>interpretation</b>: <span title="Codes:{http://terminology.hl7.org/CodeSystem/v3-ObservationInterpretation H}">High</span></p><h3>ReferenceRanges</h3><table class="grid"><tr><td style="display: none">-</td><td><b>High</b></td><td><b>Type</b></td></tr><tr><td style="display: none">*</td><td>5 per HPF<span style="background: LightGoldenRodYellow"> (Details: UCUM  code/[HPF] = '/[HPF]')</span></td><td><span title="Codes:{http://terminology.hl7.org/CodeSystem/referencerange-meaning normal}">Normal Range</span></td></tr></table></div>
  </text>
  <status value="final"/>
  <category>
    <coding>
      <system value="http://terminology.hl7.org/CodeSystem/observation-category"/>
      <code value="laboratory"/>
    </coding>
  </category>
  <code>
    <coding>
      <system value="http://loinc.org"/>
      <code value="5821-4"/>
      <display value="Leukocytes [#/area] in Urine sediment by Microscopy high power field"/>
    </coding>
  </code>
  <subject>
    <reference value="Patient/66033"/>
  </subject>
  <effectiveDateTime value="2018-02-16T09:17:00+01:00"/>
  <performer>
    <reference value="Organization/TII-Organization1"/>
  </performer>
  <valueQuantity>
    <value value="10"/>
    <unit value="per HPF"/>
    <system value="http://unitsofmeasure.org"/>
    <code value="/[HPF]"/>
  </valueQuantity>
  <interpretation>
    <coding>
      <system value="http://terminology.hl7.org/CodeSystem/v3-ObservationInterpretation"/>
      <code value="H"/>
    </coding>
  </interpretation>
  <referenceRange>
    <high>
      <value value="5"/>
      <unit value="per HPF"/>
      <system value="http://unitsofmeasure.org"/>
      <code value="/[HPF]"/>
    </high>
    <type>
      <coding>
        <system value="http://terminology.hl7.org/CodeSystem/referencerange-meaning"/>
        <code value="normal"/>
        <display value="Normal Range"/>
      </coding>
    </type>
  </referenceRange>
</Observation>