<?xml version="1.0" encoding="UTF-8"?>

<Observation xmlns="http://hl7.org/fhir">
  <id value="ips-example-imaging-4"/>
  <meta>
    <profile value="http://hl7.org/fhir/uv/ips/StructureDefinition/Observation-results-radiology-uv-ips"/>
  </meta>
  <text>
    <status value="generated"/><div xmlns="http://www.w3.org/1999/xhtml"><p class="res-header-id"><b>Generated Narrative: Observation ips-example-imaging-4</b></p><a name="ips-example-imaging-4"> </a><a name="hcips-example-imaging-4"> </a><a name="ips-example-imaging-4-en-US"> </a><p><b>partOf</b>: <a href="ImagingStudy-TII-ImagingStudy-5-1.html">ImagingStudy: identifier = urn:dicom:uid#DICOM Unique Id#urn:oid:2.16.840.1.113883.2.9.999.1.12345; status = available; procedureCode = SPECT Heart perfusion and wall motion at rest and W stress and W Tl-201 IV and W Tc-99m Sestamibi IV; reasonCode = </a></p><p><b>status</b>: Final</p><p><b>category</b>: <span title="Codes:{http://terminology.hl7.org/CodeSystem/observation-category imaging}">Imaging</span></p><p><b>code</b>: <span title="Codes:{http://loinc.org 79103-8}">Upper abdomen with the administration of oral and intravenous contrast (example-4)</span></p><p><b>subject</b>: <a href="Patient-eumfh-39-07.html">Alexander Heig  Male, DoB: 1957 ( http://trilliumbridge.eu/fhir/demos/eumfh/inject#39-07)</a></p><p><b>effective</b>: 1995-06-08</p><p><b>performer</b>: </p><ul><li><a href="Practitioner-eumfh-39-07.html">Practitioner Mark Antonio </a></li><li><a href="Organization-TII-Organization1.html">Organization Someplace General Hospital</a></li></ul><p><b>value</b>: 3 cm nodule present in the inferior medial aspect of right liver lobe. Contrast enhancement pattern consistent with the diagnosis of hemangioma.</p><blockquote><p><b>component</b></p><p><b>code</b>: <span title="Codes:{http://dicom.nema.org/resources/ontology/DCM 121065}">Procedure Description</span></p><p><b>value</b>: Serial imaging was obtained in the upper abdomen with the administration of oral and intravenous contrast.</p></blockquote><blockquote><p><b>component</b></p><p><b>code</b>: <span title="Codes:{http://dicom.nema.org/resources/ontology/DCM 121071}">Finding</span></p><p><b>value</b>: The examination demonstrates a well circumscribed 3 cm lesion present within the medial aspect of the inferior right liver lobe. Initial evaluation demonstrates lack of contrast enhancement. Subsequent imaging (not shown) demonstrated typical contrast enhancement pattern of a benign hemangioma of the liver. The remaining contrast enhancement pattern in the liver is normal. There is normal appearance of the adrenal glands, spleen, kidneys, and pancreas. There is no evidence of liver metastasis.</p></blockquote></div>
  </text>
  <partOf>
    <reference value="ImagingStudy/TII-ImagingStudy-5-1"/>
  </partOf>
  <status value="final"/>
  <category>
    <coding>
      <system value="http://terminology.hl7.org/CodeSystem/observation-category"/>
      <code value="imaging"/>
      <display value="Imaging"/>
    </coding>
  </category>
  <code>
    <coding>
      <system value="http://loinc.org"/>
      <code value="79103-8"/>
      <display value="CT Abdomen W contrast IV"/>
    </coding>
    <text value="Upper abdomen with the administration of oral and intravenous contrast (example-4)"/>
  </code>
  <subject>
    <reference value="Patient/eumfh-39-07"/>
  </subject>
  <effectiveDateTime value="1995-06-08"/>
  <performer>
    <reference value="Practitioner/eumfh-39-07"/>
  </performer>
  <performer>
    <reference value="Organization/TII-Organization1"/>
  </performer>
  <valueString value="3 cm nodule present in the inferior medial aspect of right liver lobe. Contrast enhancement pattern consistent with the diagnosis of hemangioma."/>
  <component>
    <code>
      <coding>
        <system value="http://dicom.nema.org/resources/ontology/DCM"/>
        <code value="121065"/>
        <display value="Procedure Description"/>
      </coding>
    </code>
    <valueString value="Serial imaging was obtained in the upper abdomen with the administration of oral and intravenous contrast."/>
  </component>
  <component>
    <code>
      <coding>
        <system value="http://dicom.nema.org/resources/ontology/DCM"/>
        <code value="121071"/>
        <display value="Finding"/>
      </coding>
    </code>
    <valueString value="The examination demonstrates a well circumscribed 3 cm lesion present within the medial aspect of the inferior right liver lobe. Initial evaluation demonstrates lack of contrast enhancement. Subsequent imaging (not shown) demonstrated typical contrast enhancement pattern of a benign hemangioma of the liver. The remaining contrast enhancement pattern in the liver is normal. There is normal appearance of the adrenal glands, spleen, kidneys, and pancreas. There is no evidence of liver metastasis."/>
  </component>
</Observation>