<?xml version="1.0" encoding="UTF-8"?>

<Observation xmlns="http://hl7.org/fhir">
  <id value="pathology-cancer"/>
  <meta>
    <profile value="http://hl7.org/fhir/uv/ips/StructureDefinition/Observation-results-laboratory-pathology-uv-ips"/>
  </meta>
  <text>
    <status value="generated"/><div xmlns="http://www.w3.org/1999/xhtml"><p class="res-header-id"><b>Generated Narrative: Observation pathology-cancer</b></p><a name="pathology-cancer"> </a><a name="hcpathology-cancer"> </a><a name="pathology-cancer-en-US"> </a><p><b>status</b>: Final</p><p><b>category</b>: <span title="Codes:{http://terminology.hl7.org/CodeSystem/observation-category laboratory}">Laboratory</span></p><p><b>code</b>: <span title="Codes:{http://loinc.org 16112-5}">Estrogen receptor [Interpretation] in Tissue</span></p><p><b>subject</b>: <a href="Patient-eumfh-39-07.html">Alexander Heig  Male, DoB: 1957 ( http://trilliumbridge.eu/fhir/demos/eumfh/inject#39-07)</a></p><p><b>effective</b>: 2020-04-22 19:20:00+0200</p><p><b>performer</b>: <a href="Organization-TII-Organization1.html">Organization Someplace General Hospital</a></p><p><b>value</b>: <span title="Codes:{http://snomed.info/sct 416053008}">Estrogen receptor positive tumor</span></p><p><b>method</b>: <span title="Codes:{http://snomed.info/sct 117259009}">Microscopy</span></p></div>
  </text>
  <status value="final"/>
  <category>
    <coding>
      <system value="http://terminology.hl7.org/CodeSystem/observation-category"/>
      <code value="laboratory"/>
    </coding>
  </category>
  <code>
    <coding>
      <system value="http://loinc.org"/>
      <code value="16112-5"/>
      <display value="Estrogen receptor [Interpretation] in Tissue"/>
    </coding>
  </code>
  <subject>
    <reference value="Patient/eumfh-39-07"/>
  </subject>
  <effectiveDateTime value="2020-04-22T19:20:00+02:00"/>
  <performer>
    <reference value="Organization/TII-Organization1"/>
  </performer>
  <valueCodeableConcept>
    <coding>
      <system value="http://snomed.info/sct"/>
      <code value="416053008"/>
      <display value="Estrogen receptor positive tumor"/>
    </coding>
  </valueCodeableConcept>
  <method>
    <coding>
      <system value="http://snomed.info/sct"/>
      <code value="117259009"/>
      <display value="Microscopy"/>
    </coding>
  </method>
</Observation>