<?xml version="1.0" encoding="UTF-8"?>

<Organization xmlns="http://hl7.org/fhir">
  <id value="TII-Organization1"/>
  <meta>
    <profile value="http://hl7.org/fhir/uv/ips/StructureDefinition/Organization-uv-ips"/>
  </meta>
  <text>
    <status value="generated"/><div xmlns="http://www.w3.org/1999/xhtml"><p class="res-header-id"><b>Generated Narrative: Organization TII-Organization1</b></p><a name="TII-Organization1"> </a><a name="hcTII-Organization1"> </a><a name="TII-Organization1-en-US"> </a><p><b>name</b>: Someplace General Hospital</p><p><b>address</b>: 123 Street Address Sometown Somecountry </p></div>
  </text>
  <name value="Someplace General Hospital"/>
  <address>
    <line value="123 Street Address"/>
    <city value="Sometown"/>
    <country value="Somecountry"/>
  </address>
</Organization>