<?xml version="1.0" encoding="UTF-8"?>

<Practitioner xmlns="http://hl7.org/fhir">
  <id value="eumfh-39-07"/>
  <meta>
    <profile value="http://hl7.org/fhir/uv/ips/StructureDefinition/Practitioner-uv-ips"/>
  </meta>
  <text>
    <status value="generated"/><div xmlns="http://www.w3.org/1999/xhtml"><p class="res-header-id"><b>Generated Narrative: Practitioner eumfh-39-07</b></p><a name="eumfh-39-07"> </a><a name="hceumfh-39-07"> </a><a name="eumfh-39-07-en-US"> </a><p><b>name</b>: Mark Antonio </p></div>
  </text>
  <name>
    <family value="Antonio"/>
    <given value="Mark"/>
    <prefix value="Dr."/>
  </name>
</Practitioner>