<?xml version="1.0" encoding="UTF-8"?>

<Procedure xmlns="http://hl7.org/fhir">
  <id value="eumfh-39-07-1"/>
  <meta>
    <profile value="http://hl7.org/fhir/uv/ips/StructureDefinition/Procedure-uv-ips"/>
  </meta>
  <text>
    <status value="generated"/><div xmlns="http://www.w3.org/1999/xhtml"><p class="res-header-id"><b>Generated Narrative: Procedure eumfh-39-07-1</b></p><a name="eumfh-39-07-1"> </a><a name="hceumfh-39-07-1"> </a><a name="eumfh-39-07-1-en-US"> </a><p><b>status</b>: Completed</p><p><b>category</b>: <span title="Codes:{http://snomed.info/sct 387713003}">Surgical procedure</span></p><p><b>code</b>: <span title="Codes:{http://snomed.info/sct 36969009}, {http://snomed.info/sct 233258006}">Previous balloon angioplasty on mid-LAD stenosis with STENT Implantation</span></p><p><b>subject</b>: <a href="Patient-eumfh-39-07.html">Alexander Heig (inject 39-07)</a></p><p><b>performed</b>: ?? --&gt; (ongoing)</p></div>
  </text>
  <status value="completed"/>
  <category>
    <coding>
      <system value="http://snomed.info/sct"/>
      <code value="387713003"/>
      <display value="Surgical procedure"/>
    </coding>
  </category>
  <code>
    <coding>
      <system value="http://snomed.info/sct"/>
      <code value="36969009"/>
      <display value="Placement of stent in coronary artery"/>
    </coding>
    <coding>
      <system value="http://snomed.info/sct"/>
      <code value="233258006"/>
      <display value="Balloon angioplasty of artery"/>
    </coding>
    <text value="Previous balloon angioplasty on mid-LAD stenosis with STENT Implantation"/>
  </code>
  <subject>
    <reference value="Patient/eumfh-39-07"/>
    <display value="Alexander Heig (inject 39-07)"/>
  </subject>
  <performedPeriod>
    <extension url="http://hl7.org/fhir/StructureDefinition/data-absent-reason">
      <valueCode value="unknown"/>
    </extension>
  </performedPeriod>
</Procedure>