<?xml version="1.0" encoding="UTF-8"?>

<ValueSet xmlns="http://hl7.org/fhir">
  <id value="results-radiology-txtobs-uv-ips"/>
  <meta>
    <profile value="http://hl7.org/fhir/StructureDefinition/shareablevalueset"/>
  </meta>
  <text>
    <status value="extensions"/><div xmlns="http://www.w3.org/1999/xhtml"><p class="res-header-id"><b>Generated Narrative: ValueSet results-radiology-txtobs-uv-ips</b></p><a name="results-radiology-txtobs-uv-ips"> </a><a name="hcresults-radiology-txtobs-uv-ips"> </a><a name="results-radiology-txtobs-uv-ips-en-US"> </a><p>This value set includes codes based on the following rules:</p><ul><li>Include these codes as defined in <a href="http://dicom.nema.org/resources/ontology/DCM"><code>http://dicom.nema.org/resources/ontology/DCM</code></a><table class="none"><tr><td style="white-space:nowrap"><b>Code</b></td><td><b>Display</b></td><td><b>Definition</b></td></tr><tr><td><a href="http://hl7.org/fhir/R4/codesystem-dicom-dcim.html#dicom-dcim-121065">121065</a></td><td>Procedure Description</td><td>A description of the imaging procedure</td></tr><tr><td><a href="http://hl7.org/fhir/R4/codesystem-dicom-dcim.html#dicom-dcim-121069">121069</a></td><td>Previous Finding</td><td>An observation found on a prior imaging study</td></tr><tr><td><a href="http://hl7.org/fhir/R4/codesystem-dicom-dcim.html#dicom-dcim-121071">121071</a></td><td>Finding</td><td>An observation found on an imaging study</td></tr><tr><td><a href="http://hl7.org/fhir/R4/codesystem-dicom-dcim.html#dicom-dcim-121073">121073</a></td><td>Impression</td><td>An interpretation in the clinical context of the finding(s) on an imaging study</td></tr><tr><td><a href="http://hl7.org/fhir/R4/codesystem-dicom-dcim.html#dicom-dcim-121075">121075</a></td><td>Recommendation</td><td>A recommendation for management or investigation based on the findings and impressions of an imaging study</td></tr><tr><td><a href="http://hl7.org/fhir/R4/codesystem-dicom-dcim.html#dicom-dcim-121077">121077</a></td><td>Conclusion</td><td>An interpretation in the clinical context of the finding(s) on an imaging study</td></tr><tr><td><a href="http://hl7.org/fhir/R4/codesystem-dicom-dcim.html#dicom-dcim-121110">121110</a></td><td>Patient Presentation</td><td>Patient condition at the beginning of a healthcare encounter</td></tr><tr><td><a href="http://hl7.org/fhir/R4/codesystem-dicom-dcim.html#dicom-dcim-121111">121111</a></td><td>Summary</td><td>Summary of a procedure, including most significant findings</td></tr></table></li><li>Include these codes as defined in <a href="http://loinc.org"><code>http://loinc.org</code></a><table class="none"><tr><td style="white-space:nowrap"><b>Code</b></td><td><b>Display</b></td></tr><tr><td><a href="https://loinc.org/11329-0/">11329-0</a></td><td>History</td></tr><tr><td><a href="https://loinc.org/55115-0/">55115-0</a></td><td>Request</td></tr></table></li><li>Include these codes as defined in <a href="http://www.snomed.org/"><code>http://snomed.info/sct</code></a><table class="none"><tr><td style="white-space:nowrap"><b>Code</b></td><td><b>Display</b></td></tr><tr><td><a href="http://snomed.info/id/116224001">116224001</a></td><td>Complication of Procedure</td></tr></table></li></ul></div>
  </text>
  <extension url="http://hl7.org/fhir/StructureDefinition/structuredefinition-wg">
    <valueCode value="pc"/>
  </extension>
  <extension url="http://hl7.org/fhir/StructureDefinition/structuredefinition-fmm">
    <valueInteger value="2">
      <extension url="http://hl7.org/fhir/StructureDefinition/structuredefinition-conformance-derivedFrom">
        <valueCanonical value="http://hl7.org/fhir/uv/ips/ImplementationGuide/hl7.fhir.uv.ips"/>
      </extension>
    </valueInteger>
  </extension>
  <extension url="http://hl7.org/fhir/StructureDefinition/structuredefinition-standards-status">
    <valueCode value="trial-use">
      <extension url="http://hl7.org/fhir/StructureDefinition/structuredefinition-conformance-derivedFrom">
        <valueCanonical value="http://hl7.org/fhir/uv/ips/ImplementationGuide/hl7.fhir.uv.ips"/>
      </extension>
    </valueCode>
  </extension>
  <url value="http://hl7.org/fhir/uv/ips/ValueSet/results-radiology-txtobs-uv-ips"/>
  <version value="2.0.0-ballot"/>
  <name value="ResultsRadiologyTextualObservationUvIps"/>
  <title value="Results Radiology Textual Observation - IPS"/>
  <status value="active"/>
  <experimental value="false"/>
  <date value="2024-08-14T14:11:06+00:00"/>
  <publisher value="HL7 International / Patient Care"/>
  <contact>
    <name value="HL7 International / Patient Care"/>
    <telecom>
      <system value="url"/>
      <value value="http://www.hl7.org/Special/committees/patientcare"/>
    </telecom>
  </contact>
  <description value="IPS Results Radiology Textual Observation"/>
  <jurisdiction>
    <coding>
      <system value="http://unstats.un.org/unsd/methods/m49/m49.htm"/>
      <code value="001"/>
      <display value="World"/>
    </coding>
  </jurisdiction>
  <immutable value="false"/>
  <copyright value="This material contains content from LOINC (http://loinc.org). LOINC is copyright © 1995-2020, Regenstrief Institute, Inc. and the Logical Observation Identifiers Names and Codes (LOINC) Committee and is available at no cost under the license at http://loinc.org/license. LOINC® is a registered United States trademark of Regenstrief Institute, Inc. This value set includes content from SNOMED CT, which is copyright © 2002+ International Health Terminology Standards Development Organisation (IHTSDO), and distributed by agreement between IHTSDO and HL7. Implementer use of SNOMED CT is not covered by this agreement"/>
  <compose>
    <include>
      <system value="http://dicom.nema.org/resources/ontology/DCM"/>
      <concept>
        <code value="121065"/>
        <display value="Procedure Description"/>
      </concept>
      <concept>
        <code value="121069"/>
        <display value="Previous Finding"/>
      </concept>
      <concept>
        <code value="121071"/>
        <display value="Finding"/>
      </concept>
      <concept>
        <code value="121073"/>
        <display value="Impression"/>
      </concept>
      <concept>
        <code value="121075"/>
        <display value="Recommendation"/>
      </concept>
      <concept>
        <code value="121077"/>
        <display value="Conclusion"/>
      </concept>
      <concept>
        <code value="121110"/>
        <display value="Patient Presentation"/>
      </concept>
      <concept>
        <code value="121111"/>
        <display value="Summary"/>
      </concept>
    </include>
    <include>
      <system value="http://loinc.org"/>
      <concept>
        <code value="11329-0"/>
        <display value="History"/>
      </concept>
      <concept>
        <code value="55115-0"/>
        <display value="Request"/>
      </concept>
    </include>
    <include>
      <system value="http://snomed.info/sct"/>
      <concept>
        <code value="116224001"/>
        <display value="Complication of Procedure"/>
      </concept>
    </include>
  </compose>
</ValueSet>