<?xml version="1.0" encoding="UTF-8"?>

<ValueSet xmlns="http://hl7.org/fhir">
  <id value="pregnancies-summary-uv-ips"/>
  <meta>
    <profile value="http://hl7.org/fhir/StructureDefinition/shareablevalueset"/>
  </meta>
  <text>
    <status value="generated"/><div xmlns="http://www.w3.org/1999/xhtml"><p class="res-header-id"><b>Generated Narrative: ValueSet pregnancies-summary-uv-ips</b></p><a name="pregnancies-summary-uv-ips"> </a><a name="hcpregnancies-summary-uv-ips"> </a><a name="pregnancies-summary-uv-ips-en-US"> </a><ul><li>Include these codes as defined in <a href="http://loinc.org"><code>http://loinc.org</code></a><table class="none"><tr><td style="white-space:nowrap"><b>Code</b></td><td><b>Display</b></td></tr><tr><td><a href="https://loinc.org/11636-8/">11636-8</a></td><td>[#] Births.live</td></tr><tr><td><a href="https://loinc.org/11637-6/">11637-6</a></td><td>[#] Births.preterm</td></tr><tr><td><a href="https://loinc.org/11638-4/">11638-4</a></td><td>[#] Births.still living</td></tr><tr><td><a href="https://loinc.org/11639-2/">11639-2</a></td><td>[#] Births.term</td></tr><tr><td><a href="https://loinc.org/11640-0/">11640-0</a></td><td>[#] Births total</td></tr><tr><td><a href="https://loinc.org/11612-9/">11612-9</a></td><td>[#] Abortions</td></tr><tr><td><a href="https://loinc.org/11613-7/">11613-7</a></td><td>[#] Abortions.induced</td></tr><tr><td><a href="https://loinc.org/11614-5/">11614-5</a></td><td>[#] Abortions.spontaneous</td></tr><tr><td><a href="https://loinc.org/33065-4/">33065-4</a></td><td>[#] Ectopic pregnancy</td></tr></table></li></ul></div>
  </text>
  <extension url="http://hl7.org/fhir/StructureDefinition/structuredefinition-wg">
    <valueCode value="pc"/>
  </extension>
  <extension url="http://hl7.org/fhir/StructureDefinition/structuredefinition-fmm">
    <valueInteger value="2">
      <extension url="http://hl7.org/fhir/StructureDefinition/structuredefinition-conformance-derivedFrom">
        <valueCanonical value="http://hl7.org/fhir/uv/ips/ImplementationGuide/hl7.fhir.uv.ips"/>
      </extension>
    </valueInteger>
  </extension>
  <extension url="http://hl7.org/fhir/StructureDefinition/structuredefinition-standards-status">
    <valueCode value="trial-use">
      <extension url="http://hl7.org/fhir/StructureDefinition/structuredefinition-conformance-derivedFrom">
        <valueCanonical value="http://hl7.org/fhir/uv/ips/ImplementationGuide/hl7.fhir.uv.ips"/>
      </extension>
    </valueCode>
  </extension>
  <url value="http://hl7.org/fhir/uv/ips/ValueSet/pregnancies-summary-uv-ips"/>
  <identifier>
    <use value="official"/>
    <system value="http://art-decor.org/ns/oids/vs"/>
    <value value="2.16.840.1.113883.11.22.21"/>
  </identifier>
  <version value="2.0.0-ballot"/>
  <name value="PregnanciesSummaryUvIps"/>
  <title value="Pregnancies Summary - IPS"/>
  <status value="active"/>
  <experimental value="false"/>
  <date value="2024-08-14T14:11:06+00:00"/>
  <publisher value="HL7 International / Patient Care"/>
  <contact>
    <name value="HL7 International / Patient Care"/>
    <telecom>
      <system value="url"/>
      <value value="http://www.hl7.org/Special/committees/patientcare"/>
    </telecom>
  </contact>
  <description value="IPS Pregnancies Summary"/>
  <jurisdiction>
    <coding>
      <system value="http://unstats.un.org/unsd/methods/m49/m49.htm"/>
      <code value="001"/>
      <display value="World"/>
    </coding>
  </jurisdiction>
  <immutable value="false"/>
  <copyright value="This material contains content from LOINC (http://loinc.org). LOINC is copyright © 1995-2020, Regenstrief Institute, Inc. and the Logical Observation Identifiers Names and Codes (LOINC) Committee and is available at no cost under the license at http://loinc.org/license. LOINC® is a registered United States trademark of Regenstrief Institute, Inc"/>
  <compose>
    <include>
      <system value="http://loinc.org"/>
      <concept>
        <code value="11636-8"/>
        <display value="[#] Births.live"/>
      </concept>
      <concept>
        <code value="11637-6"/>
        <display value="[#] Births.preterm"/>
      </concept>
      <concept>
        <code value="11638-4"/>
        <display value="[#] Births.still living"/>
      </concept>
      <concept>
        <code value="11639-2"/>
        <display value="[#] Births.term"/>
      </concept>
      <concept>
        <code value="11640-0"/>
        <display value="[#] Births total"/>
      </concept>
      <concept>
        <code value="11612-9"/>
        <display value="[#] Abortions"/>
      </concept>
      <concept>
        <code value="11613-7"/>
        <display value="[#] Abortions.induced"/>
      </concept>
      <concept>
        <code value="11614-5"/>
        <display value="[#] Abortions.spontaneous"/>
      </concept>
      <concept>
        <code value="33065-4"/>
        <display value="[#] Ectopic pregnancy"/>
      </concept>
    </include>
  </compose>
</ValueSet>