<?xml version="1.0" encoding="UTF-8"?>

<ValueSet xmlns="http://hl7.org/fhir">
  <id value="healthcare-professional-roles-uv-ips"/>
  <meta>
    <profile value="http://hl7.org/fhir/StructureDefinition/shareablevalueset"/>
  </meta>
  <text>
    <status value="generated"/><div xmlns="http://www.w3.org/1999/xhtml"><p class="res-header-id"><b>Generated Narrative: ValueSet healthcare-professional-roles-uv-ips</b></p><a name="healthcare-professional-roles-uv-ips"> </a><a name="hchealthcare-professional-roles-uv-ips"> </a><a name="healthcare-professional-roles-uv-ips-en-US"> </a><ul><li>Include all codes defined in <code>urn:oid:2.16.840.1.113883.2.9.6.2.7</code></li></ul></div>
  </text>
  <extension url="http://hl7.org/fhir/StructureDefinition/structuredefinition-wg">
    <valueCode value="pc"/>
  </extension>
  <extension url="http://hl7.org/fhir/StructureDefinition/structuredefinition-fmm">
    <valueInteger value="2">
      <extension url="http://hl7.org/fhir/StructureDefinition/structuredefinition-conformance-derivedFrom">
        <valueCanonical value="http://hl7.org/fhir/uv/ips/ImplementationGuide/hl7.fhir.uv.ips"/>
      </extension>
    </valueInteger>
  </extension>
  <extension url="http://hl7.org/fhir/StructureDefinition/structuredefinition-standards-status">
    <valueCode value="trial-use">
      <extension url="http://hl7.org/fhir/StructureDefinition/structuredefinition-conformance-derivedFrom">
        <valueCanonical value="http://hl7.org/fhir/uv/ips/ImplementationGuide/hl7.fhir.uv.ips"/>
      </extension>
    </valueCode>
  </extension>
  <url value="http://hl7.org/fhir/uv/ips/ValueSet/healthcare-professional-roles-uv-ips"/>
  <identifier>
    <use value="official"/>
    <system value="http://art-decor.org/ns/oids/vs"/>
    <value value="2.16.840.1.113883.11.22.53"/>
  </identifier>
  <version value="2.0.0-ballot"/>
  <name value="HealthcareProfessionalRolesUvIps"/>
  <title value="Healthcare Professional Roles - IPS"/>
  <status value="active"/>
  <experimental value="false"/>
  <date value="2024-08-14T14:11:06+00:00"/>
  <publisher value="HL7 International / Patient Care"/>
  <contact>
    <name value="HL7 International / Patient Care"/>
    <telecom>
      <system value="url"/>
      <value value="http://www.hl7.org/Special/committees/patientcare"/>
    </telecom>
  </contact>
  <description value="IPS Healthcare Professional Roles"/>
  <jurisdiction>
    <coding>
      <system value="http://unstats.un.org/unsd/methods/m49/m49.htm"/>
      <code value="001"/>
      <display value="World"/>
    </coding>
  </jurisdiction>
  <immutable value="false"/>
  <copyright value="This artifact includes content from International Standard Classification of Occupations (ISCO). ISCO is copyright International Labour Organization (ILO). Terms &amp; Conditions in http://www.ilo.org/global/copyright/lang--en/index.htm"/>
  <compose>
    <include>
      <system value="urn:oid:2.16.840.1.113883.2.9.6.2.7"/>
    </include>
  </compose>
</ValueSet>