<?xml version="1.0" encoding="UTF-8"?>

<ValueSet xmlns="http://hl7.org/fhir">
  <id value="edd-method-uv-ips"/>
  <meta>
    <profile value="http://hl7.org/fhir/StructureDefinition/shareablevalueset"/>
  </meta>
  <text>
    <status value="generated"/><div xmlns="http://www.w3.org/1999/xhtml"><p class="res-header-id"><b>Generated Narrative: ValueSet edd-method-uv-ips</b></p><a name="edd-method-uv-ips"> </a><a name="hcedd-method-uv-ips"> </a><a name="edd-method-uv-ips-en-US"> </a><ul><li>Include these codes as defined in <a href="http://loinc.org"><code>http://loinc.org</code></a><table class="none"><tr><td style="white-space:nowrap"><b>Code</b></td><td><b>Display</b></td></tr><tr><td><a href="https://loinc.org/11778-8/">11778-8</a></td><td>Delivery date Estimated</td></tr><tr><td><a href="https://loinc.org/11779-6/">11779-6</a></td><td>Delivery date Estimated from last menstrual period</td></tr><tr><td><a href="https://loinc.org/11780-4/">11780-4</a></td><td>Delivery date Estimated from ovulation date</td></tr></table></li></ul></div>
  </text>
  <extension url="http://hl7.org/fhir/StructureDefinition/structuredefinition-wg">
    <valueCode value="pc"/>
  </extension>
  <extension url="http://hl7.org/fhir/StructureDefinition/structuredefinition-fmm">
    <valueInteger value="2">
      <extension url="http://hl7.org/fhir/StructureDefinition/structuredefinition-conformance-derivedFrom">
        <valueCanonical value="http://hl7.org/fhir/uv/ips/ImplementationGuide/hl7.fhir.uv.ips"/>
      </extension>
    </valueInteger>
  </extension>
  <extension url="http://hl7.org/fhir/StructureDefinition/structuredefinition-standards-status">
    <valueCode value="trial-use">
      <extension url="http://hl7.org/fhir/StructureDefinition/structuredefinition-conformance-derivedFrom">
        <valueCanonical value="http://hl7.org/fhir/uv/ips/ImplementationGuide/hl7.fhir.uv.ips"/>
      </extension>
    </valueCode>
  </extension>
  <url value="http://hl7.org/fhir/uv/ips/ValueSet/edd-method-uv-ips"/>
  <identifier>
    <use value="official"/>
    <system value="http://art-decor.org/ns/oids/vs"/>
    <value value="2.16.840.1.113883.11.22.20"/>
  </identifier>
  <version value="2.0.0-ballot"/>
  <name value="PregnancyExpectedDeliveryDateMethodUvIps"/>
  <title value="Pregnancy Expected Delivery Date Method - IPS"/>
  <status value="active"/>
  <experimental value="false"/>
  <date value="2024-08-14T14:11:06+00:00"/>
  <publisher value="HL7 International / Patient Care"/>
  <contact>
    <name value="HL7 International / Patient Care"/>
    <telecom>
      <system value="url"/>
      <value value="http://www.hl7.org/Special/committees/patientcare"/>
    </telecom>
  </contact>
  <description value="IPS Expected Delivery Date Method"/>
  <jurisdiction>
    <coding>
      <system value="http://unstats.un.org/unsd/methods/m49/m49.htm"/>
      <code value="001"/>
      <display value="World"/>
    </coding>
  </jurisdiction>
  <immutable value="false"/>
  <copyright value="This material contains content from LOINC (http://loinc.org). LOINC is copyright © 1995-2020, Regenstrief Institute, Inc. and the Logical Observation Identifiers Names and Codes (LOINC) Committee and is available at no cost under the license at http://loinc.org/license. LOINC® is a registered United States trademark of Regenstrief Institute, Inc"/>
  <compose>
    <include>
      <system value="http://loinc.org"/>
      <concept>
        <code value="11778-8"/>
        <display value="Delivery date Estimated"/>
      </concept>
      <concept>
        <code value="11779-6"/>
        <display value="Delivery date Estimated from last menstrual period"/>
      </concept>
      <concept>
        <code value="11780-4"/>
        <display value="Delivery date Estimated from ovulation date"/>
      </concept>
    </include>
  </compose>
</ValueSet>