<?xml version="1.0" encoding="UTF-8"?>

<ValueSet xmlns="http://hl7.org/fhir">
  <id value="medication-example-uv-ips"/>
  <meta>
    <profile value="http://hl7.org/fhir/StructureDefinition/shareablevalueset"/>
  </meta>
  <text>
    <status value="generated"/><div xmlns="http://www.w3.org/1999/xhtml"><p class="res-header-id"><b>Generated Narrative: ValueSet medication-example-uv-ips</b></p><a name="medication-example-uv-ips"> </a><a name="hcmedication-example-uv-ips"> </a><a name="medication-example-uv-ips-en-US"> </a><p>This value set includes codes based on the following rules:</p><ul><li>Include these codes as defined in <a href="http://www.snomed.org/"><code>http://snomed.info/sct</code></a><table class="none"><tr><td style="white-space:nowrap"><b>Code</b></td><td><b>Display</b></td></tr><tr><td><a href="http://snomed.info/id/777067000">777067000</a></td><td>Acetaminophen only product</td></tr><tr><td><a href="http://snomed.info/id/774587000">774587000</a></td><td>Amoxicillin and clavulanic acid only product</td></tr><tr><td><a href="http://snomed.info/id/776556004">776556004</a></td><td>Lithium citrate only product</td></tr><tr><td><a href="http://snomed.info/id/774409003">774409003</a></td><td>Acenocoumarol only product</td></tr><tr><td><a href="http://snomed.info/id/780130002">780130002</a></td><td>Acetaminophen only product in rectal dose form</td></tr><tr><td><a href="http://snomed.info/id/778315007">778315007</a></td><td>Amoxicillin and clavulanic acid only product in oral dose form</td></tr><tr><td><a href="http://snomed.info/id/779725005">779725005</a></td><td>Lithium citrate only product in oral dose form</td></tr><tr><td><a href="http://snomed.info/id/778207007">778207007</a></td><td>Acenocoumarol only product in oral dose form</td></tr><tr><td><a href="http://snomed.info/id/322257001">322257001</a></td><td>Paracetamol 250 mg rectal suppository</td></tr><tr><td><a href="http://snomed.info/id/392259005">392259005</a></td><td>Amoxicillin 875 mg and clavulanic acid (as clavulanate potassium) 125 mg oral tablet</td></tr><tr><td><a href="http://snomed.info/id/766489003">766489003</a></td><td>Lithium citrate 104 mg/mL oral solution</td></tr><tr><td><a href="http://snomed.info/id/319740004">319740004</a></td><td>Acenocoumarol 1 mg oral tablet</td></tr></table></li><li>Include these codes as defined in <a href="http://www.nlm.nih.gov/research/umls/rxnorm"><code>http://www.nlm.nih.gov/research/umls/rxnorm</code></a><table class="none"><tr><td style="white-space:nowrap"><b>Code</b></td><td><b>Display</b></td></tr><tr><td>331055</td><td>Amoxicillin 1000 MG</td></tr><tr><td>437158</td><td>Acetaminophen 100 MG</td></tr><tr><td>332122</td><td>lithium citrate 60 MG/ML</td></tr></table></li><li>Include these codes as defined in <a href="http://terminology.hl7.org/6.0.2/CodeSystem-v3-ndc.html"><code>http://hl7.org/fhir/sid/ndc</code></a><table class="none"><tr><td style="white-space:nowrap"><b>Code</b></td><td><b>Display</b></td></tr><tr><td>0781-1852</td><td>Amoxicillin and Clavulanate Potassium  (product)</td></tr><tr><td>0781-1852-20</td><td>Amoxicillin and Clavulanate Potassium, 20 TABLET, FILM COATED in 1 BOTTLE (0781-1852-20) (package)</td></tr></table></li></ul></div>
  </text>
  <extension url="http://hl7.org/fhir/StructureDefinition/structuredefinition-wg">
    <valueCode value="pc"/>
  </extension>
  <extension url="http://hl7.org/fhir/StructureDefinition/structuredefinition-fmm">
    <valueInteger value="2">
      <extension url="http://hl7.org/fhir/StructureDefinition/structuredefinition-conformance-derivedFrom">
        <valueCanonical value="http://hl7.org/fhir/uv/ips/ImplementationGuide/hl7.fhir.uv.ips"/>
      </extension>
    </valueInteger>
  </extension>
  <extension url="http://hl7.org/fhir/StructureDefinition/structuredefinition-standards-status">
    <valueCode value="trial-use">
      <extension url="http://hl7.org/fhir/StructureDefinition/structuredefinition-conformance-derivedFrom">
        <valueCanonical value="http://hl7.org/fhir/uv/ips/ImplementationGuide/hl7.fhir.uv.ips"/>
      </extension>
    </valueCode>
  </extension>
  <url value="http://hl7.org/fhir/uv/ips/ValueSet/medication-example-uv-ips"/>
  <version value="2.0.0-ballot"/>
  <name value="MedicationsExampleUvIps"/>
  <title value="Medications - example (IPS)"/>
  <status value="active"/>
  <experimental value="false"/>
  <date value="2024-08-14T14:11:06+00:00"/>
  <publisher value="HL7 International / Patient Care"/>
  <contact>
    <name value="HL7 International / Patient Care"/>
    <telecom>
      <system value="url"/>
      <value value="http://www.hl7.org/Special/committees/patientcare"/>
    </telecom>
  </contact>
  <description value="This value set provides an example of possible medication coded concepts. This value set will be removed in a future release and has been replaced with [medication-uv-ips](./ValueSet-medication-uv-ips.html)."/>
  <jurisdiction>
    <coding>
      <system value="http://unstats.un.org/unsd/methods/m49/m49.htm"/>
      <code value="001"/>
      <display value="World"/>
    </coding>
  </jurisdiction>
  <copyright value="This value set includes content from SNOMED CT, which is copyright © 2002+ International Health Terminology Standards Development Organisation (IHTSDO), and distributed by agreement between IHTSDO and HL7. Implementer use of SNOMED CT is not covered by this agreement"/>
  <compose>
    <include>
      <system value="http://snomed.info/sct"/>
      <concept>
        <code value="777067000"/>
        <display value="Acetaminophen only product"/>
      </concept>
      <concept>
        <code value="774587000"/>
        <display value="Amoxicillin and clavulanic acid only product"/>
      </concept>
      <concept>
        <code value="776556004"/>
        <display value="Lithium citrate only product"/>
      </concept>
      <concept>
        <code value="774409003"/>
        <display value="Acenocoumarol only product"/>
      </concept>
      <concept>
        <code value="780130002"/>
        <display value="Acetaminophen only product in rectal dose form"/>
      </concept>
      <concept>
        <code value="778315007"/>
        <display value="Amoxicillin and clavulanic acid only product in oral dose form"/>
      </concept>
      <concept>
        <code value="779725005"/>
        <display value="Lithium citrate only product in oral dose form"/>
      </concept>
      <concept>
        <code value="778207007"/>
        <display value="Acenocoumarol only product in oral dose form"/>
      </concept>
      <concept>
        <code value="322257001"/>
        <display value="Paracetamol 250 mg rectal suppository"/>
      </concept>
      <concept>
        <code value="392259005"/>
        <display value="Amoxicillin 875 mg and clavulanic acid (as clavulanate potassium) 125 mg oral tablet"/>
      </concept>
      <concept>
        <code value="766489003"/>
        <display value="Lithium citrate 104 mg/mL oral solution"/>
      </concept>
      <concept>
        <code value="319740004"/>
        <display value="Acenocoumarol 1 mg oral tablet"/>
      </concept>
    </include>
    <include>
      <system value="http://www.nlm.nih.gov/research/umls/rxnorm"/>
      <concept>
        <code value="331055"/>
        <display value="Amoxicillin 1000 MG"/>
      </concept>
      <concept>
        <code value="437158"/>
        <display value="Acetaminophen 100 MG"/>
      </concept>
      <concept>
        <code value="332122"/>
        <display value="lithium citrate 60 MG/ML"/>
      </concept>
    </include>
    <include>
      <system value="http://hl7.org/fhir/sid/ndc"/>
      <concept>
        <code value="0781-1852"/>
        <display value="Amoxicillin and Clavulanate Potassium  (product)"/>
      </concept>
      <concept>
        <code value="0781-1852-20"/>
        <display value="Amoxicillin and Clavulanate Potassium, 20 TABLET, FILM COATED in 1 BOTTLE (0781-1852-20) (package)"/>
      </concept>
    </include>
  </compose>
</ValueSet>