<?xml version="1.0" encoding="UTF-8"?><CapabilityStatement xmlns="http://hl7.org/fhir"><id value="ips-server"/><text><status value="extensions"/><div xmlns="http://www.w3.org/1999/xhtml"><p class="res-header-id"><b>Generated Narrative: CapabilityStatement ips-server</b></p><a name="ips-server"> </a><a name="hcips-server"> </a><a name="ips-server-en-US"> </a><h2 id="title">IPS Server Capability Statement</h2><ul><li>Implementation Guide Version: 2.0.0-ballot </li><li>FHIR Version: 4.0.1 </li><li>Supported Formats: <code>application/fhir+xml</code>, <code>xml</code>, <code>application/fhir+json</code>, <code>json</code></li><li>Supported Patch Formats: </li><li>Published on: 2022-01-05 13:15:56+0000 </li><li>Published by: HL7 International / Patient Care </li></ul><blockquote class="impl-note"><p><strong>Note to Implementers: FHIR Capabilities</strong></p><p>Any FHIR capability may be 'allowed' by the system unless explicitly marked as 'SHALL NOT'. A few items are marked as MAY in the Implementation Guide to highlight their potential relevance to the use case.</p></blockquote><h2 id="rest">FHIR RESTful Capabilities</h2><div class="panel panel-default"><div class="panel-heading"><h3 id="mode1" class="panel-title">Mode: <code>server</code></h3></div><div class="panel-body"><div class="lead"><em>Summary of System-wide Interactions</em></div></div></div><h3 id="resourcesCap1">Capabilities by Resource/Profile</h3><h4 id="resourcesSummary1">Summary</h4><p>The summary table lists the resources that are part of this configuration, and for each resource it lists:</p><ul><li>The relevant profiles (if any)</li><li>The interactions supported by each resource (<b><span class="bg-info">R</span></b>ead, <b><span class="bg-info">S</span></b>earch, <b><span class="bg-info">U</span></b>pdate, and <b><span class="bg-info">C</span></b>reate, are always shown, while <b><span class="bg-info">VR</span></b>ead, <b><span class="bg-info">P</span></b>atch, <b><span class="bg-info">D</span></b>elete, <b><span class="bg-info">H</span></b>istory on <b><span class="bg-info">I</span></b>nstance, or <b><span class="bg-info">H</span></b>istory on <b><span class="bg-info">T</span></b>ype are only present if at least one of the resources has support for them.</li><li><span>The required, recommended, and some optional search parameters (if any). </span></li><li>The linked resources enabled for <code>_include</code></li><li>The other resources enabled for <code>_revinclude</code></li><li>The operations on the resource (if any)</li></ul><div class="table-responsive"><table class="table table-condensed table-hover"><thead><tr><th><b>Resource Type</b></th><th><b>Profile</b></th><th class="text-center"><b title="GET a resource (read interaction)">R</b></th><th class="text-center"><b title="GET all set of resources of the type (search interaction)">S</b></th><th class="text-center"><b title="PUT a new resource version (update interaction)">U</b></th><th class="text-center"><b title="POST a new resource (create interaction)">C</b></th><th><b title="Required and recommended search parameters">Searches</b></th><th><code><b>_include</b></code></th><th><code><b>_revinclude</b></code></th><th><b>Operations</b></th></tr></thead><tbody><tr><td><a href="#Bundle1-1">Bundle</a></td><td><a href="http://hl7.org/fhir/R4/bundle.html">http://hl7.org/fhir/StructureDefinition/Bundle</a><br/><em>Additional supported profiles:</em><br/>  <a href="StructureDefinition-Bundle-uv-ips.html">Bundle - IPS</a></td><td></td><td class="text-center"></td><td class="text-center"></td><td class="text-center"></td><td></td><td/><td/><td/></tr><tr><td><a href="#Composition1-2">Composition</a></td><td><a href="http://hl7.org/fhir/R4/composition.html">http://hl7.org/fhir/StructureDefinition/Composition</a><br/><em>Additional supported profiles:</em><br/>  <a href="StructureDefinition-Composition-uv-ips.html">Composition (IPS)</a></td><td></td><td class="text-center"></td><td class="text-center"></td><td class="text-center"></td><td></td><td/><td/><td/></tr><tr><td><a href="#Patient1-3">Patient</a></td><td><a href="http://hl7.org/fhir/R4/patient.html">http://hl7.org/fhir/StructureDefinition/Patient</a><br/><em>Additional supported profiles:</em><br/>  <a href="StructureDefinition-Patient-uv-ips.html">Patient (IPS)</a></td><td></td><td class="text-center"></td><td class="text-center"></td><td class="text-center"></td><td></td><td/><td/><td><code>$summary</code></td></tr><tr><td><a href="#AllergyIntolerance1-4">AllergyIntolerance</a></td><td><a href="http://hl7.org/fhir/R4/allergyintolerance.html">http://hl7.org/fhir/StructureDefinition/AllergyIntolerance</a><br/><em>Additional supported profiles:</em><br/>  <a href="StructureDefinition-AllergyIntolerance-uv-ips.html">Allergy Intolerance (IPS)</a></td><td></td><td class="text-center"></td><td class="text-center"></td><td class="text-center"></td><td></td><td/><td/><td/></tr><tr><td><a href="#Condition1-5">Condition</a></td><td><a href="http://hl7.org/fhir/R4/condition.html">http://hl7.org/fhir/StructureDefinition/Condition</a><br/><em>Additional supported profiles:</em><br/>  <a href="StructureDefinition-Condition-uv-ips.html">Condition (IPS)</a></td><td></td><td class="text-center"></td><td class="text-center"></td><td class="text-center"></td><td></td><td/><td/><td/></tr><tr><td><a href="#Device1-6">Device</a></td><td><a href="http://hl7.org/fhir/R4/device.html">http://hl7.org/fhir/StructureDefinition/Device</a><br/><em>Additional supported profiles:</em><br/>  <a href="StructureDefinition-Device-uv-ips.html">Device (IPS)</a></td><td></td><td class="text-center"></td><td class="text-center"></td><td class="text-center"></td><td></td><td/><td/><td/></tr><tr><td><a href="#DeviceUseStatement1-7">DeviceUseStatement</a></td><td><a href="http://hl7.org/fhir/R4/deviceusestatement.html">http://hl7.org/fhir/StructureDefinition/DeviceUseStatement</a><br/><em>Additional supported profiles:</em><br/>  <a href="StructureDefinition-DeviceUseStatement-uv-ips.html">Device Use Statement (IPS)</a></td><td></td><td class="text-center"></td><td class="text-center"></td><td class="text-center"></td><td></td><td/><td/><td/></tr><tr><td><a href="#DiagnosticReport1-8">DiagnosticReport</a></td><td><a href="http://hl7.org/fhir/R4/diagnosticreport.html">http://hl7.org/fhir/StructureDefinition/DiagnosticReport</a><br/><em>Additional supported profiles:</em><br/>  <a href="StructureDefinition-DiagnosticReport-uv-ips.html">DiagnosticReport (IPS)</a></td><td></td><td class="text-center"></td><td class="text-center"></td><td class="text-center"></td><td></td><td/><td/><td/></tr><tr><td><a href="#ImagingStudy1-9">ImagingStudy</a></td><td><a href="http://hl7.org/fhir/R4/imagingstudy.html">http://hl7.org/fhir/StructureDefinition/ImagingStudy</a><br/><em>Additional supported profiles:</em><br/>  <a href="StructureDefinition-ImagingStudy-uv-ips.html">Imaging Study (IPS)</a></td><td></td><td class="text-center"></td><td class="text-center"></td><td class="text-center"></td><td></td><td/><td/><td/></tr><tr><td><a href="#Immunization1-10">Immunization</a></td><td><a href="http://hl7.org/fhir/R4/immunization.html">http://hl7.org/fhir/StructureDefinition/Immunization</a><br/><em>Additional supported profiles:</em><br/>  <a href="StructureDefinition-Immunization-uv-ips.html">Immunization (IPS)</a></td><td></td><td class="text-center"></td><td class="text-center"></td><td class="text-center"></td><td></td><td/><td/><td/></tr><tr><td><a href="#Medication1-11">Medication</a></td><td><a href="http://hl7.org/fhir/R4/medication.html">http://hl7.org/fhir/StructureDefinition/Medication</a><br/><em>Additional supported profiles:</em><br/>  <a href="StructureDefinition-Medication-uv-ips.html">Medication (IPS)</a></td><td></td><td class="text-center"></td><td class="text-center"></td><td class="text-center"></td><td></td><td/><td/><td/></tr><tr><td><a href="#MedicationRequest1-12">MedicationRequest</a></td><td><a href="http://hl7.org/fhir/R4/medicationrequest.html">http://hl7.org/fhir/StructureDefinition/MedicationRequest</a><br/><em>Additional supported profiles:</em><br/>  <a href="StructureDefinition-MedicationRequest-uv-ips.html">Medication Request (IPS)</a></td><td></td><td class="text-center"></td><td class="text-center"></td><td class="text-center"></td><td></td><td/><td/><td/></tr><tr><td><a href="#MedicationStatement1-13">MedicationStatement</a></td><td><a href="http://hl7.org/fhir/R4/medicationstatement.html">http://hl7.org/fhir/StructureDefinition/MedicationStatement</a><br/><em>Additional supported profiles:</em><br/>  <a href="StructureDefinition-MedicationStatement-uv-ips.html">Medication Statement (IPS)</a></td><td></td><td class="text-center"></td><td class="text-center"></td><td class="text-center"></td><td></td><td/><td/><td/></tr><tr><td><a href="#Observation1-14">Observation</a></td><td><a href="http://hl7.org/fhir/R4/observation.html">http://hl7.org/fhir/StructureDefinition/Observation</a><br/><em>Additional supported profiles:</em><br/>  <a href="StructureDefinition-Observation-pregnancy-edd-uv-ips.html">Observation - Pregnancy: EDD</a><br/>  <a href="StructureDefinition-Observation-pregnancy-status-uv-ips.html">Observation - Pregnancy: status</a><br/>  <a href="StructureDefinition-Observation-alcoholuse-uv-ips.html">Observation - SH: alcohol use</a><br/>  <a href="StructureDefinition-Observation-tobaccouse-uv-ips.html">Observation - SH: tobacco use</a><br/>  <a href="StructureDefinition-Observation-results-laboratory-pathology-uv-ips.html">Observation Results: laboratory/pathology (IPS)</a><br/>  <a href="StructureDefinition-Observation-results-radiology-uv-ips.html">Observation Results: radiology (IPS)</a><br/>  </td><td></td><td class="text-center"></td><td class="text-center"></td><td class="text-center"></td><td></td><td/><td/><td/></tr><tr><td><a href="#Organization1-15">Organization</a></td><td><a href="http://hl7.org/fhir/R4/organization.html">http://hl7.org/fhir/StructureDefinition/Organization</a><br/><em>Additional supported profiles:</em><br/>  <a href="StructureDefinition-Organization-uv-ips.html">Organization (IPS)</a></td><td></td><td class="text-center"></td><td class="text-center"></td><td class="text-center"></td><td></td><td/><td/><td/></tr><tr><td><a href="#Practitioner1-16">Practitioner</a></td><td><a href="http://hl7.org/fhir/R4/practitioner.html">http://hl7.org/fhir/StructureDefinition/Practitioner</a><br/><em>Additional supported profiles:</em><br/>  <a href="StructureDefinition-Practitioner-uv-ips.html">Practitioner (IPS)</a></td><td></td><td class="text-center"></td><td class="text-center"></td><td class="text-center"></td><td></td><td/><td/><td/></tr><tr><td><a href="#PractitionerRole1-17">PractitionerRole</a></td><td><a href="http://hl7.org/fhir/R4/practitionerrole.html">http://hl7.org/fhir/StructureDefinition/PractitionerRole</a><br/><em>Additional supported profiles:</em><br/>  <a href="StructureDefinition-PractitionerRole-uv-ips.html">PractitionerRole (IPS)</a></td><td></td><td class="text-center"></td><td class="text-center"></td><td class="text-center"></td><td></td><td/><td/><td/></tr><tr><td><a href="#Flag1-18">Flag</a></td><td><a href="http://hl7.org/fhir/R4/flag.html">http://hl7.org/fhir/StructureDefinition/Flag</a><br/><em>Additional supported profiles:</em><br/>  <a href="StructureDefinition-Flag-alert-uv-ips.html">Flag - Alert (IPS)</a></td><td></td><td class="text-center"></td><td class="text-center"></td><td class="text-center"></td><td></td><td/><td/><td/></tr><tr><td><a href="#Procedure1-19">Procedure</a></td><td><a href="http://hl7.org/fhir/R4/procedure.html">http://hl7.org/fhir/StructureDefinition/Procedure</a><br/><em>Additional supported profiles:</em><br/>  <a href="StructureDefinition-Procedure-uv-ips.html">Procedure (IPS)</a></td><td></td><td class="text-center"></td><td class="text-center"></td><td class="text-center"></td><td></td><td/><td/><td/></tr><tr><td><a href="#Specimen1-20">Specimen</a></td><td><a href="http://hl7.org/fhir/R4/specimen.html">http://hl7.org/fhir/StructureDefinition/Specimen</a><br/><em>Additional supported profiles:</em><br/>  <a href="StructureDefinition-Specimen-uv-ips.html">Specimen (IPS)</a></td><td></td><td class="text-center"></td><td class="text-center"></td><td class="text-center"></td><td></td><td/><td/><td/></tr><tr><td><a href="#DocumentReference1-21">DocumentReference</a></td><td><a href="http://hl7.org/fhir/R4/documentreference.html">http://hl7.org/fhir/StructureDefinition/DocumentReference</a></td><td></td><td class="text-center"></td><td class="text-center"></td><td class="text-center"></td><td></td><td/><td/><td><code>$docref</code></td></tr><tr><td><a href="#OperationDefinition1-22">OperationDefinition</a></td><td><a href="http://hl7.org/fhir/R4/operationdefinition.html">http://hl7.org/fhir/StructureDefinition/OperationDefinition</a></td><td></td><td class="text-center"></td><td class="text-center"></td><td class="text-center"></td><td></td><td/><td/><td/></tr></tbody></table></div><hr/><div class="panel panel-default"><div class="panel-heading"><h4 id="Bundle1-1" class="panel-title"><span style="float: right;">Resource Conformance: supported </span>Bundle</h4></div><div class="panel-body"><div class="container"><div class="row"><div class="col-lg-6"><span class="lead">Base System Profile</span><br/><a href="http://hl7.org/fhir/R4/bundle.html">http://hl7.org/fhir/StructureDefinition/Bundle</a></div><div class="col-lg-3"><span class="lead">Profile Conformance</span><br/><b>SHALL</b></div><div class="col-lg-3"><span class="lead">Reference Policy</span><br/></div></div><p/><div class="row"><div class="col-6"><span class="lead">Supported Profiles</span><p><a href="StructureDefinition-Bundle-uv-ips.html">http://hl7.org/fhir/uv/ips/StructureDefinition/Bundle-uv-ips</a></p></div><div class="col-lg-6"><span class="lead">Interaction summary</span><br/><ul/></div></div><p/></div></div></div><div class="panel panel-default"><div class="panel-heading"><h4 id="Composition1-2" class="panel-title"><span style="float: right;">Resource Conformance: supported </span>Composition</h4></div><div class="panel-body"><div class="container"><div class="row"><div class="col-lg-6"><span class="lead">Base System Profile</span><br/><a href="http://hl7.org/fhir/R4/composition.html">http://hl7.org/fhir/StructureDefinition/Composition</a></div><div class="col-lg-3"><span class="lead">Profile Conformance</span><br/><b>SHALL</b></div><div class="col-lg-3"><span class="lead">Reference Policy</span><br/></div></div><p/><div class="row"><div class="col-6"><span class="lead">Supported Profiles</span><p><a href="StructureDefinition-Composition-uv-ips.html">http://hl7.org/fhir/uv/ips/StructureDefinition/Composition-uv-ips</a></p></div><div class="col-lg-6"><span class="lead">Interaction summary</span><br/><ul/></div></div><p/></div></div></div><div class="panel panel-default"><div class="panel-heading"><h4 id="Patient1-3" class="panel-title"><span style="float: right;">Resource Conformance: supported </span>Patient</h4></div><div class="panel-body"><div class="container"><div class="row"><div class="col-lg-6"><span class="lead">Base System Profile</span><br/><a href="http://hl7.org/fhir/R4/patient.html">http://hl7.org/fhir/StructureDefinition/Patient</a></div><div class="col-lg-3"><span class="lead">Profile Conformance</span><br/><b>SHALL</b></div><div class="col-lg-3"><span class="lead">Reference Policy</span><br/></div></div><p/><div class="row"><div class="col-6"><span class="lead">Supported Profiles</span><p><a href="StructureDefinition-Patient-uv-ips.html">http://hl7.org/fhir/uv/ips/StructureDefinition/Patient-uv-ips</a></p></div><div class="col-lg-6"><span class="lead">Interaction summary</span><br/><ul/></div></div><p/><div class="row"><div class="col-12"><span class="lead">Extended Operations</span><table class="table table-condensed table-hover"><thead><tr><th>Conformance</th><th>Operation</th><th>Documentation</th></tr></thead><tbody><tr><td><b>SHOULD</b></td><td><a href="OperationDefinition-summary.html">$summary</a></td><td><div/></td></tr></tbody></table></div></div></div></div></div><div class="panel panel-default"><div class="panel-heading"><h4 id="AllergyIntolerance1-4" class="panel-title"><span style="float: right;">Resource Conformance: supported </span>AllergyIntolerance</h4></div><div class="panel-body"><div class="container"><div class="row"><div class="col-lg-6"><span class="lead">Base System Profile</span><br/><a href="http://hl7.org/fhir/R4/allergyintolerance.html">http://hl7.org/fhir/StructureDefinition/AllergyIntolerance</a></div><div class="col-lg-3"><span class="lead">Profile Conformance</span><br/><b>SHALL</b></div><div class="col-lg-3"><span class="lead">Reference Policy</span><br/></div></div><p/><div class="row"><div class="col-6"><span class="lead">Supported Profiles</span><p><a href="StructureDefinition-AllergyIntolerance-uv-ips.html">http://hl7.org/fhir/uv/ips/StructureDefinition/AllergyIntolerance-uv-ips</a></p></div><div class="col-lg-6"><span class="lead">Interaction summary</span><br/><ul/></div></div><p/></div></div></div><div class="panel panel-default"><div class="panel-heading"><h4 id="Condition1-5" class="panel-title"><span style="float: right;">Resource Conformance: supported </span>Condition</h4></div><div class="panel-body"><div class="container"><div class="row"><div class="col-lg-6"><span class="lead">Base System Profile</span><br/><a href="http://hl7.org/fhir/R4/condition.html">http://hl7.org/fhir/StructureDefinition/Condition</a></div><div class="col-lg-3"><span class="lead">Profile Conformance</span><br/><b>SHALL</b></div><div class="col-lg-3"><span class="lead">Reference Policy</span><br/></div></div><p/><div class="row"><div class="col-6"><span class="lead">Supported Profiles</span><p><a href="StructureDefinition-Condition-uv-ips.html">http://hl7.org/fhir/uv/ips/StructureDefinition/Condition-uv-ips</a></p></div><div class="col-lg-6"><span class="lead">Interaction summary</span><br/><ul/></div></div><p/></div></div></div><div class="panel panel-default"><div class="panel-heading"><h4 id="Device1-6" class="panel-title"><span style="float: right;">Resource Conformance: supported </span>Device</h4></div><div class="panel-body"><div class="container"><div class="row"><div class="col-lg-6"><span class="lead">Base System Profile</span><br/><a href="http://hl7.org/fhir/R4/device.html">http://hl7.org/fhir/StructureDefinition/Device</a></div><div class="col-lg-3"><span class="lead">Profile Conformance</span><br/><b>SHALL</b></div><div class="col-lg-3"><span class="lead">Reference Policy</span><br/></div></div><p/><div class="row"><div class="col-6"><span class="lead">Supported Profiles</span><p><a href="StructureDefinition-Device-uv-ips.html">http://hl7.org/fhir/uv/ips/StructureDefinition/Device-uv-ips</a></p></div><div class="col-lg-6"><span class="lead">Interaction summary</span><br/><ul/></div></div><p/></div></div></div><div class="panel panel-default"><div class="panel-heading"><h4 id="DeviceUseStatement1-7" class="panel-title"><span style="float: right;">Resource Conformance: supported </span>DeviceUseStatement</h4></div><div class="panel-body"><div class="container"><div class="row"><div class="col-lg-6"><span class="lead">Base System Profile</span><br/><a href="http://hl7.org/fhir/R4/deviceusestatement.html">http://hl7.org/fhir/StructureDefinition/DeviceUseStatement</a></div><div class="col-lg-3"><span class="lead">Profile Conformance</span><br/><b>SHALL</b></div><div class="col-lg-3"><span class="lead">Reference Policy</span><br/></div></div><p/><div class="row"><div class="col-6"><span class="lead">Supported Profiles</span><p><a href="StructureDefinition-DeviceUseStatement-uv-ips.html">http://hl7.org/fhir/uv/ips/StructureDefinition/DeviceUseStatement-uv-ips</a></p></div><div class="col-lg-6"><span class="lead">Interaction summary</span><br/><ul/></div></div><p/></div></div></div><div class="panel panel-default"><div class="panel-heading"><h4 id="DiagnosticReport1-8" class="panel-title"><span style="float: right;">Resource Conformance: supported </span>DiagnosticReport</h4></div><div class="panel-body"><div class="container"><div class="row"><div class="col-lg-6"><span class="lead">Base System Profile</span><br/><a href="http://hl7.org/fhir/R4/diagnosticreport.html">http://hl7.org/fhir/StructureDefinition/DiagnosticReport</a></div><div class="col-lg-3"><span class="lead">Profile Conformance</span><br/><b>SHALL</b></div><div class="col-lg-3"><span class="lead">Reference Policy</span><br/></div></div><p/><div class="row"><div class="col-6"><span class="lead">Supported Profiles</span><p><a href="StructureDefinition-DiagnosticReport-uv-ips.html">http://hl7.org/fhir/uv/ips/StructureDefinition/DiagnosticReport-uv-ips</a></p></div><div class="col-lg-6"><span class="lead">Interaction summary</span><br/><ul/></div></div><p/></div></div></div><div class="panel panel-default"><div class="panel-heading"><h4 id="ImagingStudy1-9" class="panel-title"><span style="float: right;">Resource Conformance: supported </span>ImagingStudy</h4></div><div class="panel-body"><div class="container"><div class="row"><div class="col-lg-6"><span class="lead">Base System Profile</span><br/><a href="http://hl7.org/fhir/R4/imagingstudy.html">http://hl7.org/fhir/StructureDefinition/ImagingStudy</a></div><div class="col-lg-3"><span class="lead">Profile Conformance</span><br/><b>SHALL</b></div><div class="col-lg-3"><span class="lead">Reference Policy</span><br/></div></div><p/><div class="row"><div class="col-6"><span class="lead">Supported Profiles</span><p><a href="StructureDefinition-ImagingStudy-uv-ips.html">http://hl7.org/fhir/uv/ips/StructureDefinition/ImagingStudy-uv-ips</a></p></div><div class="col-lg-6"><span class="lead">Interaction summary</span><br/><ul/></div></div><p/></div></div></div><div class="panel panel-default"><div class="panel-heading"><h4 id="Immunization1-10" class="panel-title"><span style="float: right;">Resource Conformance: supported </span>Immunization</h4></div><div class="panel-body"><div class="container"><div class="row"><div class="col-lg-6"><span class="lead">Base System Profile</span><br/><a href="http://hl7.org/fhir/R4/immunization.html">http://hl7.org/fhir/StructureDefinition/Immunization</a></div><div class="col-lg-3"><span class="lead">Profile Conformance</span><br/><b>SHALL</b></div><div class="col-lg-3"><span class="lead">Reference Policy</span><br/></div></div><p/><div class="row"><div class="col-6"><span class="lead">Supported Profiles</span><p><a href="StructureDefinition-Immunization-uv-ips.html">http://hl7.org/fhir/uv/ips/StructureDefinition/Immunization-uv-ips</a></p></div><div class="col-lg-6"><span class="lead">Interaction summary</span><br/><ul/></div></div><p/></div></div></div><div class="panel panel-default"><div class="panel-heading"><h4 id="Medication1-11" class="panel-title"><span style="float: right;">Resource Conformance: supported </span>Medication</h4></div><div class="panel-body"><div class="container"><div class="row"><div class="col-lg-6"><span class="lead">Base System Profile</span><br/><a href="http://hl7.org/fhir/R4/medication.html">http://hl7.org/fhir/StructureDefinition/Medication</a></div><div class="col-lg-3"><span class="lead">Profile Conformance</span><br/><b>SHALL</b></div><div class="col-lg-3"><span class="lead">Reference Policy</span><br/></div></div><p/><div class="row"><div class="col-6"><span class="lead">Supported Profiles</span><p><a href="StructureDefinition-Medication-uv-ips.html">http://hl7.org/fhir/uv/ips/StructureDefinition/Medication-uv-ips</a></p></div><div class="col-lg-6"><span class="lead">Interaction summary</span><br/><ul/></div></div><p/></div></div></div><div class="panel panel-default"><div class="panel-heading"><h4 id="MedicationRequest1-12" class="panel-title"><span style="float: right;">Resource Conformance: supported </span>MedicationRequest</h4></div><div class="panel-body"><div class="container"><div class="row"><div class="col-lg-6"><span class="lead">Base System Profile</span><br/><a href="http://hl7.org/fhir/R4/medicationrequest.html">http://hl7.org/fhir/StructureDefinition/MedicationRequest</a></div><div class="col-lg-3"><span class="lead">Profile Conformance</span><br/><b>SHALL</b></div><div class="col-lg-3"><span class="lead">Reference Policy</span><br/></div></div><p/><div class="row"><div class="col-6"><span class="lead">Supported Profiles</span><p><a href="StructureDefinition-MedicationRequest-uv-ips.html">http://hl7.org/fhir/uv/ips/StructureDefinition/MedicationRequest-uv-ips</a></p></div><div class="col-lg-6"><span class="lead">Interaction summary</span><br/><ul/></div></div><p/></div></div></div><div class="panel panel-default"><div class="panel-heading"><h4 id="MedicationStatement1-13" class="panel-title"><span style="float: right;">Resource Conformance: supported </span>MedicationStatement</h4></div><div class="panel-body"><div class="container"><div class="row"><div class="col-lg-6"><span class="lead">Base System Profile</span><br/><a href="http://hl7.org/fhir/R4/medicationstatement.html">http://hl7.org/fhir/StructureDefinition/MedicationStatement</a></div><div class="col-lg-3"><span class="lead">Profile Conformance</span><br/><b>SHALL</b></div><div class="col-lg-3"><span class="lead">Reference Policy</span><br/></div></div><p/><div class="row"><div class="col-6"><span class="lead">Supported Profiles</span><p><a href="StructureDefinition-MedicationStatement-uv-ips.html">http://hl7.org/fhir/uv/ips/StructureDefinition/MedicationStatement-uv-ips</a></p></div><div class="col-lg-6"><span class="lead">Interaction summary</span><br/><ul/></div></div><p/></div></div></div><div class="panel panel-default"><div class="panel-heading"><h4 id="Observation1-14" class="panel-title"><span style="float: right;">Resource Conformance: supported </span>Observation</h4></div><div class="panel-body"><div class="container"><div class="row"><div class="col-lg-6"><span class="lead">Base System Profile</span><br/><a href="http://hl7.org/fhir/R4/observation.html">http://hl7.org/fhir/StructureDefinition/Observation</a></div><div class="col-lg-3"><span class="lead">Profile Conformance</span><br/><b>SHALL</b></div><div class="col-lg-3"><span class="lead">Reference Policy</span><br/></div></div><p/><div class="row"><div class="col-6"><span class="lead">Supported Profiles</span><p><a href="StructureDefinition-Observation-pregnancy-edd-uv-ips.html">http://hl7.org/fhir/uv/ips/StructureDefinition/Observation-pregnancy-edd-uv-ips</a><br/><a href="StructureDefinition-Observation-pregnancy-status-uv-ips.html">http://hl7.org/fhir/uv/ips/StructureDefinition/Observation-pregnancy-status-uv-ips</a><br/><a href="StructureDefinition-Observation-alcoholuse-uv-ips.html">http://hl7.org/fhir/uv/ips/StructureDefinition/Observation-alcoholuse-uv-ips</a><br/><a href="StructureDefinition-Observation-tobaccouse-uv-ips.html">http://hl7.org/fhir/uv/ips/StructureDefinition/Observation-tobaccouse-uv-ips</a><br/><a href="StructureDefinition-Observation-results-laboratory-pathology-uv-ips.html">http://hl7.org/fhir/uv/ips/StructureDefinition/Observation-results-laboratory-pathology-uv-ips</a><br/><a href="StructureDefinition-Observation-results-radiology-uv-ips.html">http://hl7.org/fhir/uv/ips/StructureDefinition/Observation-results-radiology-uv-ips</a><br/></p></div><div class="col-lg-6"><span class="lead">Interaction summary</span><br/><ul/></div></div><p/></div></div></div><div class="panel panel-default"><div class="panel-heading"><h4 id="Organization1-15" class="panel-title"><span style="float: right;">Resource Conformance: supported </span>Organization</h4></div><div class="panel-body"><div class="container"><div class="row"><div class="col-lg-6"><span class="lead">Base System Profile</span><br/><a href="http://hl7.org/fhir/R4/organization.html">http://hl7.org/fhir/StructureDefinition/Organization</a></div><div class="col-lg-3"><span class="lead">Profile Conformance</span><br/><b>SHALL</b></div><div class="col-lg-3"><span class="lead">Reference Policy</span><br/></div></div><p/><div class="row"><div class="col-6"><span class="lead">Supported Profiles</span><p><a href="StructureDefinition-Organization-uv-ips.html">http://hl7.org/fhir/uv/ips/StructureDefinition/Organization-uv-ips</a></p></div><div class="col-lg-6"><span class="lead">Interaction summary</span><br/><ul/></div></div><p/></div></div></div><div class="panel panel-default"><div class="panel-heading"><h4 id="Practitioner1-16" class="panel-title"><span style="float: right;">Resource Conformance: supported </span>Practitioner</h4></div><div class="panel-body"><div class="container"><div class="row"><div class="col-lg-6"><span class="lead">Base System Profile</span><br/><a href="http://hl7.org/fhir/R4/practitioner.html">http://hl7.org/fhir/StructureDefinition/Practitioner</a></div><div class="col-lg-3"><span class="lead">Profile Conformance</span><br/><b>SHALL</b></div><div class="col-lg-3"><span class="lead">Reference Policy</span><br/></div></div><p/><div class="row"><div class="col-6"><span class="lead">Supported Profiles</span><p><a href="StructureDefinition-Practitioner-uv-ips.html">http://hl7.org/fhir/uv/ips/StructureDefinition/Practitioner-uv-ips</a></p></div><div class="col-lg-6"><span class="lead">Interaction summary</span><br/><ul/></div></div><p/></div></div></div><div class="panel panel-default"><div class="panel-heading"><h4 id="PractitionerRole1-17" class="panel-title"><span style="float: right;">Resource Conformance: supported </span>PractitionerRole</h4></div><div class="panel-body"><div class="container"><div class="row"><div class="col-lg-6"><span class="lead">Base System Profile</span><br/><a href="http://hl7.org/fhir/R4/practitionerrole.html">http://hl7.org/fhir/StructureDefinition/PractitionerRole</a></div><div class="col-lg-3"><span class="lead">Profile Conformance</span><br/><b>SHALL</b></div><div class="col-lg-3"><span class="lead">Reference Policy</span><br/></div></div><p/><div class="row"><div class="col-6"><span class="lead">Supported Profiles</span><p><a href="StructureDefinition-PractitionerRole-uv-ips.html">http://hl7.org/fhir/uv/ips/StructureDefinition/PractitionerRole-uv-ips</a></p></div><div class="col-lg-6"><span class="lead">Interaction summary</span><br/><ul/></div></div><p/></div></div></div><div class="panel panel-default"><div class="panel-heading"><h4 id="Flag1-18" class="panel-title"><span style="float: right;">Resource Conformance: supported </span>Flag</h4></div><div class="panel-body"><div class="container"><div class="row"><div class="col-lg-6"><span class="lead">Base System Profile</span><br/><a href="http://hl7.org/fhir/R4/flag.html">http://hl7.org/fhir/StructureDefinition/Flag</a></div><div class="col-lg-3"><span class="lead">Profile Conformance</span><br/><b>SHALL</b></div><div class="col-lg-3"><span class="lead">Reference Policy</span><br/></div></div><p/><div class="row"><div class="col-6"><span class="lead">Supported Profiles</span><p><a href="StructureDefinition-Flag-alert-uv-ips.html">http://hl7.org/fhir/uv/ips/StructureDefinition/Flag-alert-uv-ips</a></p></div><div class="col-lg-6"><span class="lead">Interaction summary</span><br/><ul/></div></div><p/></div></div></div><div class="panel panel-default"><div class="panel-heading"><h4 id="Procedure1-19" class="panel-title"><span style="float: right;">Resource Conformance: supported </span>Procedure</h4></div><div class="panel-body"><div class="container"><div class="row"><div class="col-lg-6"><span class="lead">Base System Profile</span><br/><a href="http://hl7.org/fhir/R4/procedure.html">http://hl7.org/fhir/StructureDefinition/Procedure</a></div><div class="col-lg-3"><span class="lead">Profile Conformance</span><br/><b>SHALL</b></div><div class="col-lg-3"><span class="lead">Reference Policy</span><br/></div></div><p/><div class="row"><div class="col-6"><span class="lead">Supported Profiles</span><p><a href="StructureDefinition-Procedure-uv-ips.html">http://hl7.org/fhir/uv/ips/StructureDefinition/Procedure-uv-ips</a></p></div><div class="col-lg-6"><span class="lead">Interaction summary</span><br/><ul/></div></div><p/></div></div></div><div class="panel panel-default"><div class="panel-heading"><h4 id="Specimen1-20" class="panel-title"><span style="float: right;">Resource Conformance: supported </span>Specimen</h4></div><div class="panel-body"><div class="container"><div class="row"><div class="col-lg-6"><span class="lead">Base System Profile</span><br/><a href="http://hl7.org/fhir/R4/specimen.html">http://hl7.org/fhir/StructureDefinition/Specimen</a></div><div class="col-lg-3"><span class="lead">Profile Conformance</span><br/><b>SHALL</b></div><div class="col-lg-3"><span class="lead">Reference Policy</span><br/></div></div><p/><div class="row"><div class="col-6"><span class="lead">Supported Profiles</span><p><a href="StructureDefinition-Specimen-uv-ips.html">http://hl7.org/fhir/uv/ips/StructureDefinition/Specimen-uv-ips</a></p></div><div class="col-lg-6"><span class="lead">Interaction summary</span><br/><ul/></div></div><p/></div></div></div><div class="panel panel-default"><div class="panel-heading"><h4 id="DocumentReference1-21" class="panel-title"><span style="float: right;">Resource Conformance: SHOULD </span>DocumentReference</h4></div><div class="panel-body"><div class="container"><div class="row"><div class="col-lg-6"><span class="lead">Base System Profile</span><br/><a href="http://hl7.org/fhir/R4/documentreference.html">http://hl7.org/fhir/StructureDefinition/DocumentReference</a></div><div class="col-lg-3"><span class="lead">Profile Conformance</span><br/><b>SHALL</b></div><div class="col-lg-3"><span class="lead">Reference Policy</span><br/></div></div><p/><div class="row"><div class="col-lg-6"><span class="lead">Interaction summary</span><br/><ul/></div></div><p/><div class="row"><div class="col-12"><span class="lead">Extended Operations</span><table class="table table-condensed table-hover"><thead><tr><th>Conformance</th><th>Operation</th><th>Documentation</th></tr></thead><tbody><tr><td><b>SHOULD</b></td><td>$docref</td><td><div/></td></tr></tbody></table></div></div></div></div></div><div class="panel panel-default"><div class="panel-heading"><h4 id="OperationDefinition1-22" class="panel-title"><span style="float: right;">Resource Conformance: SHOULD </span>OperationDefinition</h4></div><div class="panel-body"><div class="container"><div class="row"><div class="col-lg-6"><span class="lead">Base System Profile</span><br/><a href="http://hl7.org/fhir/R4/operationdefinition.html">http://hl7.org/fhir/StructureDefinition/OperationDefinition</a></div><div class="col-lg-3"><span class="lead">Profile Conformance</span><br/><b>SHALL</b></div><div class="col-lg-3"><span class="lead">Reference Policy</span><br/></div></div><p/><div class="row"><div class="col-lg-6"><span class="lead">Interaction summary</span><br/><ul/></div></div><p/></div></div></div></div></text><extension url="http://hl7.org/fhir/StructureDefinition/structuredefinition-wg"><valueCode value="pc"/></extension><extension url="http://hl7.org/fhir/StructureDefinition/structuredefinition-fmm"><valueInteger value="2"><extension url="http://hl7.org/fhir/StructureDefinition/structuredefinition-conformance-derivedFrom"><valueCanonical value="http://hl7.org/fhir/uv/ips/ImplementationGuide/hl7.fhir.uv.ips"/></extension></valueInteger></extension><extension url="http://hl7.org/fhir/StructureDefinition/structuredefinition-standards-status"><valueCode value="trial-use"><extension url="http://hl7.org/fhir/StructureDefinition/structuredefinition-conformance-derivedFrom"><valueCanonical value="http://hl7.org/fhir/uv/ips/ImplementationGuide/hl7.fhir.uv.ips"/></extension></valueCode></extension><url value="http://hl7.org/fhir/uv/ips/CapabilityStatement/ips-server"/><version value="2.0.0-ballot"/><name value="IpsServerCapabilityStatement"/><title value="IPS Server Capability Statement"/><status value="active"/><experimental value="false"/><date value="2022-01-05T13:15:56.964-00:00"/><publisher value="HL7 International / Patient Care"/><contact><name value="HL7 International / Patient Care"/><telecom><system value="url"/><value value="http://www.hl7.org/Special/committees/patientcare"/></telecom></contact><description value="This section describes the expected capabilities of the IPS Server actor which is responsible for providing responses to the queries submitted for IPS documents. The list of FHIR profiles and operations supported by IPS Servers are defined."/><jurisdiction><coding><system value="http://unstats.un.org/unsd/methods/m49/m49.htm"/><code value="001"/><display value="World"/></coding></jurisdiction><copyright value="Used by permission of HL7 International, all rights reserved Creative Commons License"/><kind value="requirements"/><fhirVersion value="4.0.1"/><format value="application/fhir+xml"/><format value="xml"/><format value="application/fhir+json"/><format value="json"/><rest><mode value="server"/><resource><type value="Bundle"/><profile value="http://hl7.org/fhir/StructureDefinition/Bundle"/><supportedProfile value="http://hl7.org/fhir/uv/ips/StructureDefinition/Bundle-uv-ips"><extension url="http://hl7.org/fhir/StructureDefinition/capabilitystatement-expectation"><valueCode value="SHALL"/></extension></supportedProfile></resource><resource><type value="Composition"/><profile value="http://hl7.org/fhir/StructureDefinition/Composition"/><supportedProfile value="http://hl7.org/fhir/uv/ips/StructureDefinition/Composition-uv-ips"><extension url="http://hl7.org/fhir/StructureDefinition/capabilitystatement-expectation"><valueCode value="SHALL"/></extension></supportedProfile></resource><resource><type value="Patient"/><profile value="http://hl7.org/fhir/StructureDefinition/Patient"/><supportedProfile value="http://hl7.org/fhir/uv/ips/StructureDefinition/Patient-uv-ips"><extension url="http://hl7.org/fhir/StructureDefinition/capabilitystatement-expectation"><valueCode value="SHALL"/></extension></supportedProfile><operation><extension url="http://hl7.org/fhir/StructureDefinition/capabilitystatement-expectation"><valueCode value="SHOULD"/></extension><name value="summary"/><definition value="http://hl7.org/fhir/uv/ips/OperationDefinition/summary"/></operation></resource><resource><type value="AllergyIntolerance"/><profile value="http://hl7.org/fhir/StructureDefinition/AllergyIntolerance"/><supportedProfile value="http://hl7.org/fhir/uv/ips/StructureDefinition/AllergyIntolerance-uv-ips"><extension url="http://hl7.org/fhir/StructureDefinition/capabilitystatement-expectation"><valueCode value="SHOULD"/></extension></supportedProfile></resource><resource><type value="Condition"/><profile value="http://hl7.org/fhir/StructureDefinition/Condition"/><supportedProfile value="http://hl7.org/fhir/uv/ips/StructureDefinition/Condition-uv-ips"><extension url="http://hl7.org/fhir/StructureDefinition/capabilitystatement-expectation"><valueCode value="SHOULD"/></extension></supportedProfile></resource><resource><type value="Device"/><profile value="http://hl7.org/fhir/StructureDefinition/Device"/><supportedProfile value="http://hl7.org/fhir/uv/ips/StructureDefinition/Device-uv-ips"><extension url="http://hl7.org/fhir/StructureDefinition/capabilitystatement-expectation"><valueCode value="SHOULD"/></extension></supportedProfile></resource><resource><type value="DeviceUseStatement"/><profile value="http://hl7.org/fhir/StructureDefinition/DeviceUseStatement"/><supportedProfile value="http://hl7.org/fhir/uv/ips/StructureDefinition/DeviceUseStatement-uv-ips"><extension url="http://hl7.org/fhir/StructureDefinition/capabilitystatement-expectation"><valueCode value="SHOULD"/></extension></supportedProfile></resource><resource><type value="DiagnosticReport"/><profile value="http://hl7.org/fhir/StructureDefinition/DiagnosticReport"/><supportedProfile value="http://hl7.org/fhir/uv/ips/StructureDefinition/DiagnosticReport-uv-ips"><extension url="http://hl7.org/fhir/StructureDefinition/capabilitystatement-expectation"><valueCode value="SHOULD"/></extension></supportedProfile></resource><resource><type value="ImagingStudy"/><profile value="http://hl7.org/fhir/StructureDefinition/ImagingStudy"/><supportedProfile value="http://hl7.org/fhir/uv/ips/StructureDefinition/ImagingStudy-uv-ips"><extension url="http://hl7.org/fhir/StructureDefinition/capabilitystatement-expectation"><valueCode value="SHOULD"/></extension></supportedProfile></resource><resource><type value="Immunization"/><profile value="http://hl7.org/fhir/StructureDefinition/Immunization"/><supportedProfile value="http://hl7.org/fhir/uv/ips/StructureDefinition/Immunization-uv-ips"><extension url="http://hl7.org/fhir/StructureDefinition/capabilitystatement-expectation"><valueCode value="SHOULD"/></extension></supportedProfile></resource><resource><type value="Medication"/><profile value="http://hl7.org/fhir/StructureDefinition/Medication"/><supportedProfile value="http://hl7.org/fhir/uv/ips/StructureDefinition/Medication-uv-ips"><extension url="http://hl7.org/fhir/StructureDefinition/capabilitystatement-expectation"><valueCode value="SHOULD"/></extension></supportedProfile></resource><resource><type value="MedicationRequest"/><profile value="http://hl7.org/fhir/StructureDefinition/MedicationRequest"/><supportedProfile value="http://hl7.org/fhir/uv/ips/StructureDefinition/MedicationRequest-uv-ips"><extension url="http://hl7.org/fhir/StructureDefinition/capabilitystatement-expectation"><valueCode value="SHOULD"/></extension></supportedProfile></resource><resource><type value="MedicationStatement"/><profile value="http://hl7.org/fhir/StructureDefinition/MedicationStatement"/><supportedProfile value="http://hl7.org/fhir/uv/ips/StructureDefinition/MedicationStatement-uv-ips"><extension url="http://hl7.org/fhir/StructureDefinition/capabilitystatement-expectation"><valueCode value="SHOULD"/></extension></supportedProfile></resource><resource><type value="Observation"/><profile value="http://hl7.org/fhir/StructureDefinition/Observation"/><supportedProfile value="http://hl7.org/fhir/uv/ips/StructureDefinition/Observation-pregnancy-edd-uv-ips"><extension url="http://hl7.org/fhir/StructureDefinition/capabilitystatement-expectation"><valueCode value="SHOULD"/></extension></supportedProfile><supportedProfile value="http://hl7.org/fhir/uv/ips/StructureDefinition/Observation-pregnancy-status-uv-ips"><extension url="http://hl7.org/fhir/StructureDefinition/capabilitystatement-expectation"><valueCode value="SHOULD"/></extension></supportedProfile><supportedProfile value="http://hl7.org/fhir/uv/ips/StructureDefinition/Observation-alcoholuse-uv-ips"><extension url="http://hl7.org/fhir/StructureDefinition/capabilitystatement-expectation"><valueCode value="SHOULD"/></extension></supportedProfile><supportedProfile value="http://hl7.org/fhir/uv/ips/StructureDefinition/Observation-tobaccouse-uv-ips"><extension url="http://hl7.org/fhir/StructureDefinition/capabilitystatement-expectation"><valueCode value="SHOULD"/></extension></supportedProfile><supportedProfile value="http://hl7.org/fhir/uv/ips/StructureDefinition/Observation-results-laboratory-pathology-uv-ips"><extension url="http://hl7.org/fhir/StructureDefinition/capabilitystatement-expectation"><valueCode value="SHOULD"/></extension></supportedProfile><supportedProfile value="http://hl7.org/fhir/uv/ips/StructureDefinition/Observation-results-radiology-uv-ips"><extension url="http://hl7.org/fhir/StructureDefinition/capabilitystatement-expectation"><valueCode value="SHOULD"/></extension></supportedProfile><supportedProfile><extension url="http://hl7.org/fhir/StructureDefinition/capabilitystatement-expectation"><valueCode value="SHOULD"/></extension></supportedProfile></resource><resource><type value="Organization"/><profile value="http://hl7.org/fhir/StructureDefinition/Organization"/><supportedProfile value="http://hl7.org/fhir/uv/ips/StructureDefinition/Organization-uv-ips"><extension url="http://hl7.org/fhir/StructureDefinition/capabilitystatement-expectation"><valueCode value="SHOULD"/></extension></supportedProfile></resource><resource><type value="Practitioner"/><profile value="http://hl7.org/fhir/StructureDefinition/Practitioner"/><supportedProfile value="http://hl7.org/fhir/uv/ips/StructureDefinition/Practitioner-uv-ips"><extension url="http://hl7.org/fhir/StructureDefinition/capabilitystatement-expectation"><valueCode value="SHOULD"/></extension></supportedProfile></resource><resource><type value="PractitionerRole"/><profile value="http://hl7.org/fhir/StructureDefinition/PractitionerRole"/><supportedProfile value="http://hl7.org/fhir/uv/ips/StructureDefinition/PractitionerRole-uv-ips"><extension url="http://hl7.org/fhir/StructureDefinition/capabilitystatement-expectation"><valueCode value="SHOULD"/></extension></supportedProfile></resource><resource><type value="Flag"/><profile value="http://hl7.org/fhir/StructureDefinition/Flag"/><supportedProfile value="http://hl7.org/fhir/uv/ips/StructureDefinition/Flag-alert-uv-ips"><extension url="http://hl7.org/fhir/StructureDefinition/capabilitystatement-expectation"><valueCode value="SHOULD"/></extension></supportedProfile></resource><resource><type value="Procedure"/><profile value="http://hl7.org/fhir/StructureDefinition/Procedure"/><supportedProfile value="http://hl7.org/fhir/uv/ips/StructureDefinition/Procedure-uv-ips"><extension url="http://hl7.org/fhir/StructureDefinition/capabilitystatement-expectation"><valueCode value="SHOULD"/></extension></supportedProfile></resource><resource><type value="Specimen"/><profile value="http://hl7.org/fhir/StructureDefinition/Specimen"/><supportedProfile value="http://hl7.org/fhir/uv/ips/StructureDefinition/Specimen-uv-ips"><extension url="http://hl7.org/fhir/StructureDefinition/capabilitystatement-expectation"><valueCode value="SHOULD"/></extension></supportedProfile></resource><resource><extension url="http://hl7.org/fhir/StructureDefinition/capabilitystatement-expectation"><valueCode value="SHOULD"/></extension><type value="DocumentReference"/><profile value="http://hl7.org/fhir/StructureDefinition/DocumentReference"/><operation><extension url="http://hl7.org/fhir/StructureDefinition/capabilitystatement-expectation"><valueCode value="SHOULD"/></extension><name value="docref"/><definition value="https://hl7.org/fhir/uv/ipa/OperationDefinition-docref.html"/></operation></resource><resource><extension url="http://hl7.org/fhir/StructureDefinition/capabilitystatement-expectation"><valueCode value="SHOULD"/></extension><type value="OperationDefinition"/><profile value="http://hl7.org/fhir/StructureDefinition/OperationDefinition"/></resource></rest></CapabilityStatement>