<?xml version="1.0" encoding="UTF-8"?><OperationDefinition xmlns="http://hl7.org/fhir"><id value="summary"/><text><status value="generated"/><div xmlns="http://www.w3.org/1999/xhtml"><p class="res-header-id"><b>Generated Narrative: OperationDefinition summary</b></p><a name="summary"> </a><a name="hcsummary"> </a><a name="summary-en-US"> </a><p>URL: [base]/Patient/$summary</p><p>URL: [base]/Patient/[id]/$summary</p><p>Parameters</p><table class="grid"><tr><td><b>Use</b></td><td><b>Name</b></td><td><b>Scope</b></td><td><b>Cardinality</b></td><td><b>Type</b></td><td><b>Binding</b></td><td><b>Documentation</b></td></tr><tr><td>IN</td><td>identifier</td><td/><td>0..1</td><td><a href="http://hl7.org/fhir/R4/datatypes.html#string">string</a><br/>(<a href="http://hl7.org/fhir/R4/search.html#token">token</a>)</td><td/><td><div><p>When the logical id of the patient is not used, servers MAY choose to support patient selection based on provided identifier. Unless the identifier system is unknown, requestors SHOULD include both the system and value (e.g. 'identifier=https://standards.digital.health.nz/ns/nhi-id|CNNJ9186') when using this parameter.</p>
</div></td></tr><tr><td>IN</td><td>profile</td><td/><td>0..1</td><td><a href="http://hl7.org/fhir/R4/datatypes.html#uri">uri</a></td><td/><td><div><p>A specific profile for the patient summary may be specified. By default, servers MAY use the universal Composition profile to identify what profile the returned summary will adhere to.  This is intended as a more flexible approach for implementers to support derivations of the IPS (e.g. national and jurisdictional implementations).</p>
</div></td></tr><tr><td>OUT</td><td>return</td><td/><td>0..1</td><td><a href="http://hl7.org/fhir/R4/bundle.html">Bundle</a></td><td/><td><div><p>The Bundle returned is a document conforming to the specified input Composition profile parameter or the International Patient Summary <a href="./StructureDefinition-Composition-uv-ips.html">Composition profile</a> (if not otherwise specified)</p>
</div></td></tr></table></div></text><extension url="http://hl7.org/fhir/StructureDefinition/structuredefinition-wg"><valueCode value="pc"/></extension><extension url="http://hl7.org/fhir/StructureDefinition/structuredefinition-fmm"><valueInteger value="2"><extension url="http://hl7.org/fhir/StructureDefinition/structuredefinition-conformance-derivedFrom"><valueCanonical value="http://hl7.org/fhir/uv/ips/ImplementationGuide/hl7.fhir.uv.ips"/></extension></valueInteger></extension><extension url="http://hl7.org/fhir/StructureDefinition/structuredefinition-standards-status"><valueCode value="trial-use"><extension url="http://hl7.org/fhir/StructureDefinition/structuredefinition-conformance-derivedFrom"><valueCanonical value="http://hl7.org/fhir/uv/ips/ImplementationGuide/hl7.fhir.uv.ips"/></extension></valueCode></extension><url value="http://hl7.org/fhir/uv/ips/OperationDefinition/summary"/><version value="2.0.0-ballot"/><name value="IpsSummary"/><title value="IPS Summary"/><status value="active"/><kind value="operation"/><date value="2024-07-15T13:15:56.964-00:00"/><publisher value="HL7 International / Patient Care"/><contact><name value="HL7 International / Patient Care"/><telecom><system value="url"/><value value="http://www.hl7.org/Special/committees/patientcare"/></telecom></contact><description value="This operation returns an IPS document in response to a POST request.  The returned document MAY be generated on-demand and SHOULD represent the latest available information. This operation would not necessarily create a persisted IPS instance on the server responding to the request. When historic records or other documents are desired, this operation is not appropriate. For alternative operations and IPS generation guidance, please see [IPS Generation and Data Inclusion](./Generation-and-Data-Inclusion.html) &#xA;&#xA;Generally when a patient's logical id is known, that id would be used to request the patient summary from a FHIR server (see [id] pattern below). When it is not known, servers MAY support using other identifiers (see identifier parameter below).&#xA;&#xA;Servers MAY support profiles beyond the IPS. When supported, other profiles can be specified using the profile parameter. When not supported, servers MAY use the universal IPS Composition profile to identify what profile is returned by default.  &#xA;"/><jurisdiction><coding><system value="http://unstats.un.org/unsd/methods/m49/m49.htm"/><code value="001"/><display value="World"/></coding></jurisdiction><affectsState value="false"/><code value="summary"/><resource value="Patient"/><system value="false"/><type value="true"/><instance value="true"/><parameter><name value="identifier"/><use value="in"/><min value="0"/><max value="1"/><documentation value="When the logical id of the patient is not used, servers MAY choose to support patient selection based on provided identifier. Unless the identifier system is unknown, requestors SHOULD include both the system and value (e.g. 'identifier=https://standards.digital.health.nz/ns/nhi-id|CNNJ9186') when using this parameter."/><type value="string"/><searchType value="token"/></parameter><parameter><name value="profile"/><use value="in"/><min value="0"/><max value="1"/><documentation value="A specific profile for the patient summary may be specified. By default, servers MAY use the universal Composition profile to identify what profile the returned summary will adhere to.  This is intended as a more flexible approach for implementers to support derivations of the IPS (e.g. national and jurisdictional implementations)."/><type value="uri"/></parameter><parameter><name value="return"/><use value="out"/><min value="0"/><max value="1"/><documentation value="The Bundle returned is a document conforming to the specified input Composition profile parameter or the International Patient Summary [Composition profile](./StructureDefinition-Composition-uv-ips.html) (if not otherwise specified)"/><type value="Bundle"/></parameter></OperationDefinition>