<?xml version="1.0" encoding="UTF-8"?><ValueSet xmlns="http://hl7.org/fhir"><id value="results-radiology-numobs-uv-ips"/><meta><profile value="http://hl7.org/fhir/StructureDefinition/shareablevalueset"/></meta><text><status value="extensions"/><div xmlns="http://www.w3.org/1999/xhtml"><p class="res-header-id"><b>Generated Narrative: ValueSet results-radiology-numobs-uv-ips</b></p><a name="results-radiology-numobs-uv-ips"> </a><a name="hcresults-radiology-numobs-uv-ips"> </a><a name="results-radiology-numobs-uv-ips-en-US"> </a><p>This value set includes codes based on the following rules:</p><ul><li>Include these codes as defined in <a href="http://dicom.nema.org/resources/ontology/DCM"><code>http://dicom.nema.org/resources/ontology/DCM</code></a><table class="none"><tr><td style="white-space:nowrap"><b>Code</b></td><td><b>Display</b></td><td><b>Definition</b></td></tr><tr><td><a href="http://hl7.org/fhir/R4/codesystem-dicom-dcim.html#dicom-dcim-121207">121207</a></td><td>Height</td><td>Vertical measurement value</td></tr><tr><td><a href="http://hl7.org/fhir/R4/codesystem-dicom-dcim.html#dicom-dcim-121211">121211</a></td><td>Path length</td><td>A one dimensional, or linear, numeric measurement along a polyline</td></tr><tr><td><a href="http://hl7.org/fhir/R4/codesystem-dicom-dcim.html#dicom-dcim-121206">121206</a></td><td>Distance</td><td>A one dimensional, or linear, numeric measurement</td></tr><tr><td><a href="http://hl7.org/fhir/R4/codesystem-dicom-dcim.html#dicom-dcim-121216">121216</a></td><td>Volume estimated from single 2D region</td><td>A three-dimensional numeric measurement that is approximate, based on a two-dimensional region in a single image</td></tr><tr><td><a href="http://hl7.org/fhir/R4/codesystem-dicom-dcim.html#dicom-dcim-121218">121218</a></td><td>Volume estimated from two non-coplanar 2D regions</td><td>A three-dimensional numeric measurement that is approximate, based on two non-coplanar two-dimensional image regions</td></tr><tr><td><a href="http://hl7.org/fhir/R4/codesystem-dicom-dcim.html#dicom-dcim-121217">121217</a></td><td>Volume estimated from three or more non-coplanar 2D regions</td><td>A three-dimensional numeric measurement that is approximate, based on three or more non-coplanar two-dimensional image regions</td></tr><tr><td><a href="http://hl7.org/fhir/R4/codesystem-dicom-dcim.html#dicom-dcim-121222">121222</a></td><td>Volume of sphere</td><td>A three-dimensional numeric measurement of a sphere shaped three-dimensional region of interest in an image set</td></tr><tr><td><a href="http://hl7.org/fhir/R4/codesystem-dicom-dcim.html#dicom-dcim-121221">121221</a></td><td>Volume of ellipsoid</td><td>A three-dimensional numeric measurement of an ellipsoid shaped three-dimensional region of interest in an image set</td></tr><tr><td><a href="http://hl7.org/fhir/R4/codesystem-dicom-dcim.html#dicom-dcim-121220">121220</a></td><td>Volume of circumscribed sphere</td><td>A three-dimensional numeric measurement of the bounding sphere of a three-dimensional region of interest in an image set</td></tr><tr><td><a href="http://hl7.org/fhir/R4/codesystem-dicom-dcim.html#dicom-dcim-121219">121219</a></td><td>Volume of bounding three dimensional region</td><td>A three-dimensional numeric measurement of the bounding region of a three-dimensional region of interest in an image set</td></tr></table></li><li>Include these codes as defined in <a href="http://www.snomed.org/"><code>http://snomed.info/sct</code></a><table class="none"><tr><td style="white-space:nowrap"><b>Code</b></td><td><b>Display</b></td></tr><tr><td><a href="http://snomed.info/id/410668003">410668003</a></td><td>Length</td></tr><tr><td><a href="http://snomed.info/id/103355008">103355008</a></td><td>Width</td></tr><tr><td><a href="http://snomed.info/id/131197000">131197000</a></td><td>Depth</td></tr><tr><td><a href="http://snomed.info/id/81827009">81827009</a></td><td>Diameter</td></tr><tr><td><a href="http://snomed.info/id/103339001">103339001</a></td><td>Long Axis</td></tr><tr><td><a href="http://snomed.info/id/103340004">103340004</a></td><td>Short Axis</td></tr><tr><td><a href="http://snomed.info/id/131187009">131187009</a></td><td>Major Axis</td></tr><tr><td><a href="http://snomed.info/id/131188004">131188004</a></td><td>Minor Axis</td></tr><tr><td><a href="http://snomed.info/id/131189007">131189007</a></td><td>Perpendicular Axis</td></tr><tr><td><a href="http://snomed.info/id/131190003">131190003</a></td><td>Radius</td></tr><tr><td><a href="http://snomed.info/id/131191004">131191004</a></td><td>Perimeter</td></tr><tr><td><a href="http://snomed.info/id/74551000">74551000</a></td><td>Circumference</td></tr><tr><td><a href="http://snomed.info/id/131192006">131192006</a></td><td>Diameter of circumscribed circle</td></tr><tr><td><a href="http://snomed.info/id/42798000">42798000</a></td><td>Area</td></tr><tr><td><a href="http://snomed.info/id/131184002">131184002</a></td><td>Area of defined region</td></tr><tr><td><a href="http://snomed.info/id/118565006">118565006</a></td><td>Volume</td></tr></table></li></ul></div></text><extension url="http://hl7.org/fhir/StructureDefinition/structuredefinition-wg"><valueCode value="pc"/></extension><extension url="http://hl7.org/fhir/StructureDefinition/structuredefinition-fmm"><valueInteger value="2"><extension url="http://hl7.org/fhir/StructureDefinition/structuredefinition-conformance-derivedFrom"><valueCanonical value="http://hl7.org/fhir/uv/ips/ImplementationGuide/hl7.fhir.uv.ips"/></extension></valueInteger></extension><extension url="http://hl7.org/fhir/StructureDefinition/structuredefinition-standards-status"><valueCode value="trial-use"><extension url="http://hl7.org/fhir/StructureDefinition/structuredefinition-conformance-derivedFrom"><valueCanonical value="http://hl7.org/fhir/uv/ips/ImplementationGuide/hl7.fhir.uv.ips"/></extension></valueCode></extension><url value="http://hl7.org/fhir/uv/ips/ValueSet/results-radiology-numobs-uv-ips"/><version value="2.0.0-ballot"/><name value="ResultsRadiologyMeasurementObservationUvIps"/><title value="Results Radiology Measurement Observation - IPS"/><status value="active"/><experimental value="false"/><date value="2024-08-14T14:11:06+00:00"/><publisher value="HL7 International / Patient Care"/><contact><name value="HL7 International / Patient Care"/><telecom><system value="url"/><value value="http://www.hl7.org/Special/committees/patientcare"/></telecom></contact><description value="Extensible value set including SNOMED CT and DICOM concepts for Linear, Area and Volume Measurements"/><jurisdiction><coding><system value="http://unstats.un.org/unsd/methods/m49/m49.htm"/><code value="001"/><display value="World"/></coding></jurisdiction><immutable value="false"/><copyright value="This value set includes content from SNOMED CT, which is copyright © 2002+ International Health Terminology Standards Development Organisation (IHTSDO), and distributed by agreement between IHTSDO and HL7. Implementer use of SNOMED CT is not covered by this agreement"/><compose><include><system value="http://dicom.nema.org/resources/ontology/DCM"/><concept><code value="121207"/><display value="Height"/></concept><concept><code value="121211"/><display value="Path length"/></concept><concept><code value="121206"/><display value="Distance"/></concept><concept><code value="121216"/><display value="Volume estimated from single 2D region"/></concept><concept><code value="121218"/><display value="Volume estimated from two non-coplanar 2D regions"/></concept><concept><code value="121217"/><display value="Volume estimated from three or more non-coplanar 2D regions"/></concept><concept><code value="121222"/><display value="Volume of sphere"/></concept><concept><code value="121221"/><display value="Volume of ellipsoid"/></concept><concept><code value="121220"/><display value="Volume of circumscribed sphere"/></concept><concept><code value="121219"/><display value="Volume of bounding three dimensional region"/></concept></include><include><system value="http://snomed.info/sct"/><concept><code value="410668003"/><display value="Length"/></concept><concept><code value="103355008"/><display value="Width"/></concept><concept><code value="131197000"/><display value="Depth"/></concept><concept><code value="81827009"/><display value="Diameter"/></concept><concept><code value="103339001"/><display value="Long Axis"/></concept><concept><code value="103340004"/><display value="Short Axis"/></concept><concept><code value="131187009"/><display value="Major Axis"/></concept><concept><code value="131188004"/><display value="Minor Axis"/></concept><concept><code value="131189007"/><display value="Perpendicular Axis"/></concept><concept><code value="131190003"/><display value="Radius"/></concept><concept><code value="131191004"/><display value="Perimeter"/></concept><concept><code value="74551000"/><display value="Circumference"/></concept><concept><code value="131192006"/><display value="Diameter of circumscribed circle"/></concept><concept><code value="42798000"/><display value="Area"/></concept><concept><code value="131184002"/><display value="Area of defined region"/></concept><concept><code value="118565006"/><display value="Volume"/></concept></include></compose></ValueSet>