<?xml version="1.0" encoding="UTF-8"?><ValueSet xmlns="http://hl7.org/fhir"><id value="problem-type-uv-ips"/><meta><profile value="http://hl7.org/fhir/StructureDefinition/shareablevalueset"/></meta><text><status value="extensions"/><div xmlns="http://www.w3.org/1999/xhtml"><p class="res-header-id"><b>Generated Narrative: ValueSet problem-type-uv-ips</b></p><a name="problem-type-uv-ips"> </a><a name="hcproblem-type-uv-ips"> </a><a name="problem-type-uv-ips-en-US"> </a><ul><li>Include these codes as defined in <a href="http://terminology.hl7.org/6.0.2/CodeSystem-condition-category.html"><code>http://terminology.hl7.org/CodeSystem/condition-category</code></a><table class="none"><tr><td style="white-space:nowrap"><b>Code</b></td><td><b>Display</b></td><td><b>Definition</b></td></tr><tr><td><a href="http://terminology.hl7.org/6.0.2/CodeSystem-condition-category.html#condition-category-problem-list-item">problem-list-item</a></td><td>Problem List Item</td><td>An item on a problem list that can be managed over time and can be expressed by a practitioner (e.g. physician, nurse), patient, or related person.</td></tr></table></li></ul></div></text><extension url="http://hl7.org/fhir/StructureDefinition/structuredefinition-wg"><valueCode value="pc"/></extension><extension url="http://hl7.org/fhir/StructureDefinition/structuredefinition-fmm"><valueInteger value="2"><extension url="http://hl7.org/fhir/StructureDefinition/structuredefinition-conformance-derivedFrom"><valueCanonical value="http://hl7.org/fhir/uv/ips/ImplementationGuide/hl7.fhir.uv.ips"/></extension></valueInteger></extension><extension url="http://hl7.org/fhir/StructureDefinition/structuredefinition-standards-status"><valueCode value="trial-use"><extension url="http://hl7.org/fhir/StructureDefinition/structuredefinition-conformance-derivedFrom"><valueCanonical value="http://hl7.org/fhir/uv/ips/ImplementationGuide/hl7.fhir.uv.ips"/></extension></valueCode></extension><url value="http://hl7.org/fhir/uv/ips/ValueSet/problem-type-uv-ips"/><version value="2.0.0-ballot"/><name value="ProblemTypeUvIps"/><title value="Problem Type - IPS"/><status value="active"/><experimental value="false"/><date value="2024-08-14T14:11:06+00:00"/><publisher value="HL7 International / Patient Care"/><contact><name value="HL7 International / Patient Care"/><telecom><system value="url"/><value value="http://www.hl7.org/Special/committees/patientcare"/></telecom></contact><description value="This value set provides a category for the condition as a clinical problem for inclusion in the patient summary."/><jurisdiction><coding><system value="http://unstats.un.org/unsd/methods/m49/m49.htm"/><code value="001"/><display value="World"/></coding></jurisdiction><immutable value="false"/><compose><include><system value="http://terminology.hl7.org/CodeSystem/condition-category"/><concept><code value="problem-list-item"/><display value="Problem List Item"/></concept></include></compose></ValueSet>