<?xml version="1.0" encoding="UTF-8"?><ValueSet xmlns="http://hl7.org/fhir"><id value="medication-uv-ips"/><meta><profile value="http://hl7.org/fhir/StructureDefinition/shareablevalueset"/></meta><text><status value="generated"/><div xmlns="http://www.w3.org/1999/xhtml"><p class="res-header-id"><b>Generated Narrative: ValueSet medication-uv-ips</b></p><a name="medication-uv-ips"> </a><a name="hcmedication-uv-ips"> </a><a name="medication-uv-ips-en-US"> </a><p>This value set includes codes based on the following rules:</p><ul><li>Include codes from<a href="http://www.snomed.org/"><code>http://snomed.info/sct</code></a> where concept  descends from 763158003 (Medicinal product (product))</li><li>Include codes from<a href="http://www.snomed.org/"><code>http://snomed.info/sct</code></a> where concept  is-a 787481004 (No known medications)</li></ul><p>This value set excludes codes based on the following rules:</p><ul><li>Exclude codes from<a href="http://www.snomed.org/"><code>http://snomed.info/sct</code></a> where concept  is-a 787859002 (Vaccine product)</li></ul></div></text><extension url="http://hl7.org/fhir/StructureDefinition/structuredefinition-wg"><valueCode value="pc"/></extension><extension url="http://hl7.org/fhir/StructureDefinition/structuredefinition-fmm"><valueInteger value="2"><extension url="http://hl7.org/fhir/StructureDefinition/structuredefinition-conformance-derivedFrom"><valueCanonical value="http://hl7.org/fhir/uv/ips/ImplementationGuide/hl7.fhir.uv.ips"/></extension></valueInteger></extension><extension url="http://hl7.org/fhir/StructureDefinition/structuredefinition-standards-status"><valueCode value="trial-use"><extension url="http://hl7.org/fhir/StructureDefinition/structuredefinition-conformance-derivedFrom"><valueCanonical value="http://hl7.org/fhir/uv/ips/ImplementationGuide/hl7.fhir.uv.ips"/></extension></valueCode></extension><url value="http://hl7.org/fhir/uv/ips/ValueSet/medication-uv-ips"/><version value="2.0.0-ballot"/><name value="MedicationsUvIps"/><title value="Medications - IPS"/><status value="active"/><experimental value="false"/><date value="2024-08-14T14:11:06+00:00"/><publisher value="HL7 International / Patient Care"/><contact><name value="HL7 International / Patient Care"/><telecom><system value="url"/><value value="http://www.hl7.org/Special/committees/patientcare"/></telecom></contact><description value="IPS Medication codes value set.  This value set includes codes from SNOMED CT®: all descendants of 763158003 \|Medicinal product (product)\|; excluding the descendants or self of 787859002 \|Vaccine product (medicinal product)\|; including all descendants or self of 787481004 \|No known medications (situation)\|&#xA;&#xA;SNOMED CT® ECL definition:\&#xA;(&lt; 763158003 \|Medicinal product (product)\| MINUS \&lt;\&lt; 787859002 \|Vaccine product (medicinal product)\|) OR \&lt;\&lt; 787481004 \|No known medications (situation)\|"/><jurisdiction><coding><system value="http://unstats.un.org/unsd/methods/m49/m49.htm"/><code value="001"/><display value="World"/></coding></jurisdiction><immutable value="false"/><copyright value="This value set includes content from SNOMED CT, which is copyright © 2002+ International Health Terminology Standards Development Organisation (IHTSDO), and distributed by agreement between IHTSDO and HL7. Implementer use of SNOMED CT is not covered by this agreement"/><compose><include><system value="http://snomed.info/sct"/><filter><property value="concept"/><op value="descendent-of"/><value value="763158003"/></filter></include><include><system value="http://snomed.info/sct"/><filter><property value="concept"/><op value="is-a"/><value value="787481004"/></filter></include><exclude><system value="http://snomed.info/sct"/><filter><property value="concept"/><op value="is-a"/><value value="787859002"/></filter></exclude></compose></ValueSet>