<?xml version="1.0" encoding="UTF-8"?><ValueSet xmlns="http://hl7.org/fhir"><id value="current-smoking-status-uv-ips"/><meta><profile value="http://hl7.org/fhir/StructureDefinition/shareablevalueset"/></meta><text><status value="generated"/><div xmlns="http://www.w3.org/1999/xhtml"><p class="res-header-id"><b>Generated Narrative: ValueSet current-smoking-status-uv-ips</b></p><a name="current-smoking-status-uv-ips"> </a><a name="hccurrent-smoking-status-uv-ips"> </a><a name="current-smoking-status-uv-ips-en-US"> </a><ul><li>Include these codes as defined in <a href="http://www.snomed.org/"><code>http://snomed.info/sct</code></a><table class="none"><tr><td style="white-space:nowrap"><b>Code</b></td><td><b>Display</b></td></tr><tr><td><a href="http://snomed.info/id/449868002">449868002</a></td><td>Smokes tobacco daily (finding)</td></tr><tr><td><a href="http://snomed.info/id/428041000124106">428041000124106</a></td><td>Occasional tobacco smoker (finding)</td></tr><tr><td><a href="http://snomed.info/id/8517006">8517006</a></td><td>Ex-smoker (finding)</td></tr><tr><td><a href="http://snomed.info/id/266919005">266919005</a></td><td>Never smoked tobacco (finding)</td></tr><tr><td><a href="http://snomed.info/id/77176002">77176002</a></td><td>Smoker (finding)</td></tr><tr><td><a href="http://snomed.info/id/266927001">266927001</a></td><td>Tobacco smoking consumption unknown (finding)</td></tr><tr><td><a href="http://snomed.info/id/230063004">230063004</a></td><td>Heavy cigarette smoker (finding)</td></tr><tr><td><a href="http://snomed.info/id/230060001">230060001</a></td><td>Light cigarette smoker (finding)</td></tr></table></li></ul></div></text><extension url="http://hl7.org/fhir/StructureDefinition/structuredefinition-wg"><valueCode value="pc"/></extension><extension url="http://hl7.org/fhir/StructureDefinition/structuredefinition-fmm"><valueInteger value="2"><extension url="http://hl7.org/fhir/StructureDefinition/structuredefinition-conformance-derivedFrom"><valueCanonical value="http://hl7.org/fhir/uv/ips/ImplementationGuide/hl7.fhir.uv.ips"/></extension></valueInteger></extension><extension url="http://hl7.org/fhir/StructureDefinition/structuredefinition-standards-status"><valueCode value="trial-use"><extension url="http://hl7.org/fhir/StructureDefinition/structuredefinition-conformance-derivedFrom"><valueCanonical value="http://hl7.org/fhir/uv/ips/ImplementationGuide/hl7.fhir.uv.ips"/></extension></valueCode></extension><url value="http://hl7.org/fhir/uv/ips/ValueSet/current-smoking-status-uv-ips"/><version value="2.0.0-ballot"/><name value="CurrentSmokingStatusUvIps"/><title value="Current Smoking Status - IPS"/><status value="active"/><experimental value="false"/><date value="2024-08-14T14:11:06+00:00"/><publisher value="HL7 International / Patient Care"/><contact><name value="HL7 International / Patient Care"/><telecom><system value="url"/><value value="http://www.hl7.org/Special/committees/patientcare"/></telecom></contact><description value="HL7 IPS SNOMED value set for smoking status.  This value set includes a set of specific SNOMED CT codes (no subtypes included) that may be used to represent smoking status.&#xA;&#xA;SNOMED CT® ECL definition:\&#xA;449868002 |Smokes tobacco daily (finding)| OR 428041000124106 |Occasional tobacco smoker (finding)| OR 8517006 |Ex-smoker (finding)| OR 266919005 |Never smoked tobacco (finding)| OR 77176002 |Smoker (finding)| OR 266927001 |Tobacco smoking consumption unknown (finding)| OR 230063004 |Heavy cigarette smoker (finding)| OR 230060001 |Light cigarette smoker (finding)|"/><jurisdiction><coding><system value="http://unstats.un.org/unsd/methods/m49/m49.htm"/><code value="001"/><display value="World"/></coding></jurisdiction><immutable value="false"/><copyright value="This value set includes content from SNOMED CT, which is copyright © 2002+ International Health Terminology Standards Development Organisation (IHTSDO), and distributed by agreement between IHTSDO and HL7. Implementer use of SNOMED CT is not covered by this agreement"/><compose><include><system value="http://snomed.info/sct"/><concept><code value="449868002"/><display value="Smokes tobacco daily (finding)"/></concept><concept><code value="428041000124106"/><display value="Occasional tobacco smoker (finding)"/></concept><concept><code value="8517006"/><display value="Ex-smoker (finding)"/></concept><concept><code value="266919005"/><display value="Never smoked tobacco (finding)"/></concept><concept><code value="77176002"/><display value="Smoker (finding)"/></concept><concept><code value="266927001"/><display value="Tobacco smoking consumption unknown (finding)"/></concept><concept><code value="230063004"/><display value="Heavy cigarette smoker (finding)"/></concept><concept><code value="230060001"/><display value="Light cigarette smoker (finding)"/></concept></include></compose></ValueSet>