<?xml version="1.0" encoding="UTF-8"?><ValueSet xmlns="http://hl7.org/fhir"><id value="procedures-uv-ips"/><text><status value="generated"/><div xmlns="http://www.w3.org/1999/xhtml"><p class="res-header-id"><b>Generated Narrative: ValueSet procedures-uv-ips</b></p><a name="procedures-uv-ips"> </a><a name="hcprocedures-uv-ips"> </a><a name="procedures-uv-ips-en-US"> </a><p>This value set includes codes based on the following rules:</p><ul><li>Include codes from<a href="http://www.snomed.org/"><code>http://snomed.info/sct</code></a> where concept  descends from 71388002 (Procedure)</li><li>Include codes from<a href="http://www.snomed.org/"><code>http://snomed.info/sct</code></a> where concept  is-a 787480003 (No known procedures)</li></ul><p>This value set excludes codes based on the following rules:</p><ul><li>Exclude codes from<a href="http://www.snomed.org/"><code>http://snomed.info/sct</code></a> where concept  is-a 14734007 (Administrative procedure)</li><li>Exclude codes from<a href="http://www.snomed.org/"><code>http://snomed.info/sct</code></a> where concept  is-a 59524001 (Blood bank procedure)</li><li>Exclude codes from<a href="http://www.snomed.org/"><code>http://snomed.info/sct</code></a> where concept  is-a 389067005 (Community health procedure (procedure))</li><li>Exclude codes from<a href="http://www.snomed.org/"><code>http://snomed.info/sct</code></a> where concept  is-a 442006003 (Determination of information related to transfusion)</li><li>Exclude codes from<a href="http://www.snomed.org/"><code>http://snomed.info/sct</code></a> where concept  is-a 225288009 (Environmental care procedure)</li><li>Exclude codes from<a href="http://www.snomed.org/"><code>http://snomed.info/sct</code></a> where concept  is-a 308335008 (Patient encounter procedure)</li><li>Exclude codes from<a href="http://www.snomed.org/"><code>http://snomed.info/sct</code></a> where concept  is-a 710135002 (Promotion (procedure))</li><li>Exclude codes from<a href="http://www.snomed.org/"><code>http://snomed.info/sct</code></a> where concept  is-a 389084004 (Staff related procedure (procedure))</li></ul></div></text><extension url="http://hl7.org/fhir/StructureDefinition/structuredefinition-wg"><valueCode value="pc"/></extension><extension url="http://hl7.org/fhir/StructureDefinition/structuredefinition-fmm"><valueInteger value="2"><extension url="http://hl7.org/fhir/StructureDefinition/structuredefinition-conformance-derivedFrom"><valueCanonical value="http://hl7.org/fhir/uv/ips/ImplementationGuide/hl7.fhir.uv.ips"/></extension></valueInteger></extension><extension url="http://hl7.org/fhir/StructureDefinition/structuredefinition-standards-status"><valueCode value="trial-use"><extension url="http://hl7.org/fhir/StructureDefinition/structuredefinition-conformance-derivedFrom"><valueCanonical value="http://hl7.org/fhir/uv/ips/ImplementationGuide/hl7.fhir.uv.ips"/></extension></valueCode></extension><url value="http://hl7.org/fhir/uv/ips/ValueSet/procedures-uv-ips"/><version value="2.0.0-ballot"/><name value="ProceduresUvIps"/><title value="Procedures - IPS"/><status value="active"/><experimental value="false"/><date value="2024-08-14T14:11:06+00:00"/><publisher value="HL7 International / Patient Care"/><contact><name value="HL7 International / Patient Care"/><telecom><system value="url"/><value value="http://www.hl7.org/Special/committees/patientcare"/></telecom></contact><description value="IPS Procedure codes value set.  This value set includes codes from SNOMED CT®: all descendants of 71388002 \|Procedure (procedure)\|; excluding [all descendants or self of 14734007 \|Administrative procedure (procedure)\|; all descendants or self of 59524001 \|Blood bank procedure (procedure)\|; all descendants or self of 389067005 \|Community health procedure (procedure)\|; all descendants or self of 442006003 \|Determination of information related to transfusion (procedure)\|; all descendants or self of 225288009 \|Environmental care procedure (procedure)\|; all descendants or self of 308335008 \|Patient encounter procedure (procedure)\|; all descendants or self of 710135002 \|Promotion (procedure)\|; all descendants or self of 389084004 \|Staff related procedure (procedure)\|]; including all descendants or self of 787480003 \|No known procedures (situation)\|&#xA;&#xA;SNOMED CT® ECL definition:\&#xA;(&lt; 71388002 \|Procedure (procedure)\| MINUS (\&lt;\&lt; 14734007 \|Administrative procedure (procedure)\| OR \&lt;\&lt; 59524001 \|Blood bank procedure (procedure)\| OR \&lt;\&lt; 389067005 \|Community health procedure (procedure)\| OR \&lt;\&lt; 442006003 \|Determination of information related to transfusion (procedure)\| OR \&lt;\&lt; 225288009 \|Environmental care procedure (procedure)\| OR \&lt;\&lt; 308335008 \|Patient encounter procedure (procedure)\| OR \&lt;\&lt; 710135002 \|Promotion (procedure)\| OR \&lt;\&lt; 389084004 \|Staff related procedure (procedure)\|)) OR &lt;&lt; 787480003 \|No known procedures (situation)\|"/><jurisdiction><coding><system value="http://unstats.un.org/unsd/methods/m49/m49.htm"/><code value="001"/><display value="World"/></coding></jurisdiction><immutable value="false"/><copyright value="This value set includes content from SNOMED CT, which is copyright © 2002+ International Health Terminology Standards Development Organisation (IHTSDO), and distributed by agreement between IHTSDO and HL7. Implementer use of SNOMED CT is not covered by this agreement"/><compose><include><system value="http://snomed.info/sct"/><filter><property value="concept"/><op value="descendent-of"/><value value="71388002"/></filter></include><include><system value="http://snomed.info/sct"/><filter><property value="concept"/><op value="is-a"/><value value="787480003"/></filter></include><exclude><system value="http://snomed.info/sct"/><filter><property value="concept"/><op value="is-a"/><value value="14734007"/></filter></exclude><exclude><system value="http://snomed.info/sct"/><filter><property value="concept"/><op value="is-a"/><value value="59524001"/></filter></exclude><exclude><system value="http://snomed.info/sct"/><filter><property value="concept"/><op value="is-a"/><value value="389067005"/></filter></exclude><exclude><system value="http://snomed.info/sct"/><filter><property value="concept"/><op value="is-a"/><value value="442006003"/></filter></exclude><exclude><system value="http://snomed.info/sct"/><filter><property value="concept"/><op value="is-a"/><value value="225288009"/></filter></exclude><exclude><system value="http://snomed.info/sct"/><filter><property value="concept"/><op value="is-a"/><value value="308335008"/></filter></exclude><exclude><system value="http://snomed.info/sct"/><filter><property value="concept"/><op value="is-a"/><value value="710135002"/></filter></exclude><exclude><system value="http://snomed.info/sct"/><filter><property value="concept"/><op value="is-a"/><value value="389084004"/></filter></exclude></compose></ValueSet>