<?xml version="1.0" encoding="UTF-8"?><ValueSet xmlns="http://hl7.org/fhir"><id value="medical-devices-uv-ips"/><text><status value="generated"/><div xmlns="http://www.w3.org/1999/xhtml"><p class="res-header-id"><b>Generated Narrative: ValueSet medical-devices-uv-ips</b></p><a name="medical-devices-uv-ips"> </a><a name="hcmedical-devices-uv-ips"> </a><a name="medical-devices-uv-ips-en-US"> </a><p>This value set includes codes based on the following rules:</p><ul><li>Include codes from<a href="http://www.snomed.org/"><code>http://snomed.info/sct</code></a> where concept  descends from 49062001 (Device)</li><li>Include codes from<a href="http://www.snomed.org/"><code>http://snomed.info/sct</code></a> where concept  is-a 787483001 (No known device use)</li></ul></div></text><extension url="http://hl7.org/fhir/StructureDefinition/structuredefinition-wg"><valueCode value="pc"/></extension><extension url="http://hl7.org/fhir/StructureDefinition/structuredefinition-fmm"><valueInteger value="2"><extension url="http://hl7.org/fhir/StructureDefinition/structuredefinition-conformance-derivedFrom"><valueCanonical value="http://hl7.org/fhir/uv/ips/ImplementationGuide/hl7.fhir.uv.ips"/></extension></valueInteger></extension><extension url="http://hl7.org/fhir/StructureDefinition/structuredefinition-standards-status"><valueCode value="trial-use"><extension url="http://hl7.org/fhir/StructureDefinition/structuredefinition-conformance-derivedFrom"><valueCanonical value="http://hl7.org/fhir/uv/ips/ImplementationGuide/hl7.fhir.uv.ips"/></extension></valueCode></extension><url value="http://hl7.org/fhir/uv/ips/ValueSet/medical-devices-uv-ips"/><version value="2.0.0-ballot"/><name value="MedicalDevicesUvIps"/><title value="Medical Devices - IPS"/><status value="active"/><experimental value="false"/><date value="2024-08-14T14:11:06+00:00"/><publisher value="HL7 International / Patient Care"/><contact><name value="HL7 International / Patient Care"/><telecom><system value="url"/><value value="http://www.hl7.org/Special/committees/patientcare"/></telecom></contact><description value="IPS Medical device codes value set.  This value set includes codes from SNOMED CT (SNOMED CT®) that are included in: all descendants of 49062001 \|Device (physical object)\|; all descendants or self of 787483001 \|No known device use (situation)\|&#xA;&#xA;SNOMED CT® ECL definition:\&#xA;&lt; 49062001 \|Device (physical object)\| OR \&lt;\&lt; 787483001 \|No known device use (situation)\|"/><jurisdiction><coding><system value="http://unstats.un.org/unsd/methods/m49/m49.htm"/><code value="001"/><display value="World"/></coding></jurisdiction><immutable value="false"/><copyright value="This value set includes content from SNOMED CT, which is copyright © 2002+ International Health Terminology Standards Development Organisation (IHTSDO), and distributed by agreement between IHTSDO and HL7. Implementer use of SNOMED CT is not covered by this agreement"/><compose><include><system value="http://snomed.info/sct"/><filter><property value="concept"/><op value="descendent-of"/><value value="49062001"/></filter></include><include><system value="http://snomed.info/sct"/><filter><property value="concept"/><op value="is-a"/><value value="787483001"/></filter></include></compose></ValueSet>