<?xml version="1.0" encoding="UTF-8"?><ValueSet xmlns="http://hl7.org/fhir"><id value="pregnancy-status-uv-ips"/><meta><profile value="http://hl7.org/fhir/StructureDefinition/shareablevalueset"/></meta><text><status value="generated"/><div xmlns="http://www.w3.org/1999/xhtml"><p class="res-header-id"><b>Generated Narrative: ValueSet pregnancy-status-uv-ips</b></p><a name="pregnancy-status-uv-ips"> </a><a name="hcpregnancy-status-uv-ips"> </a><a name="pregnancy-status-uv-ips-en-US"> </a><ul><li>Include these codes as defined in <a href="http://www.snomed.org/"><code>http://snomed.info/sct</code></a><table class="none"><tr><td style="white-space:nowrap"><b>Code</b></td><td><b>Display</b></td></tr><tr><td><a href="http://snomed.info/id/77386006">77386006</a></td><td>Pregnant</td></tr><tr><td><a href="http://snomed.info/id/60001007">60001007</a></td><td>Not pregnant</td></tr><tr><td><a href="http://snomed.info/id/152231000119106">152231000119106</a></td><td>Pregnancy not yet confirmed</td></tr><tr><td><a href="http://snomed.info/id/146799005">146799005</a></td><td>Possible pregnancy</td></tr></table></li></ul></div></text><extension url="http://hl7.org/fhir/StructureDefinition/structuredefinition-wg"><valueCode value="pc"/></extension><extension url="http://hl7.org/fhir/StructureDefinition/structuredefinition-fmm"><valueInteger value="2"><extension url="http://hl7.org/fhir/StructureDefinition/structuredefinition-conformance-derivedFrom"><valueCanonical value="http://hl7.org/fhir/uv/ips/ImplementationGuide/hl7.fhir.uv.ips"/></extension></valueInteger></extension><extension url="http://hl7.org/fhir/StructureDefinition/structuredefinition-standards-status"><valueCode value="trial-use"><extension url="http://hl7.org/fhir/StructureDefinition/structuredefinition-conformance-derivedFrom"><valueCanonical value="http://hl7.org/fhir/uv/ips/ImplementationGuide/hl7.fhir.uv.ips"/></extension></valueCode></extension><url value="http://hl7.org/fhir/uv/ips/ValueSet/pregnancy-status-uv-ips"/><version value="2.0.0-ballot"/><name value="PregnancyStatusUvIps"/><title value="Pregnancy Status - IPS"/><status value="active"/><experimental value="false"/><date value="2024-08-14T14:11:06+00:00"/><publisher value="HL7 International / Patient Care"/><contact><name value="HL7 International / Patient Care"/><telecom><system value="url"/><value value="http://www.hl7.org/Special/committees/patientcare"/></telecom></contact><description value="IPS pregnancy status codes value set.  This value set includes codes from SNOMED CT®: 77386006 \|Pregnant\|; 60001007 \|Not pregnant\|; 152231000119106 \|Pregnancy not yet confirmed\|; 146799005 \|Possible pregnancy\|&#xA;&#xA;SNOMED CT® ECL definition:\&#xA;77386006 \|Pregnant\| OR 60001007 \|Not pregnant\| OR 152231000119106 \|Pregnancy not yet confirmed\| OR 146799005 \|Possible pregnancy\|"/><jurisdiction><coding><system value="http://unstats.un.org/unsd/methods/m49/m49.htm"/><code value="001"/><display value="World"/></coding></jurisdiction><immutable value="false"/><copyright value="This value set includes content from SNOMED CT, which is copyright © 2002+ International Health Terminology Standards Development Organisation (IHTSDO), and distributed by agreement between IHTSDO and HL7. Implementer use of SNOMED CT is not covered by this agreement"/><compose><include><system value="http://snomed.info/sct"/><concept><code value="77386006"/><display value="Pregnant"/></concept><concept><code value="60001007"/><display value="Not pregnant"/></concept><concept><code value="152231000119106"/><display value="Pregnancy not yet confirmed"/></concept><concept><code value="146799005"/><display value="Possible pregnancy"/></concept></include></compose></ValueSet>