<?xml version="1.0" encoding="UTF-8"?><ValueSet xmlns="http://hl7.org/fhir"><id value="results-laboratory-pathology-observations-uv-ips"/><meta><profile value="http://hl7.org/fhir/StructureDefinition/shareablevalueset"/></meta><text><status value="generated"/><div xmlns="http://www.w3.org/1999/xhtml"><p class="res-header-id"><b>Generated Narrative: ValueSet results-laboratory-pathology-observations-uv-ips</b></p><a name="results-laboratory-pathology-observations-uv-ips"> </a><a name="hcresults-laboratory-pathology-observations-uv-ips"> </a><a name="results-laboratory-pathology-observations-uv-ips-en-US"> </a><p>This value set includes codes based on the following rules:</p><ul><li>Include codes from<a href="http://loinc.org"><code>http://loinc.org</code></a> where STATUS  = ACTIVE and CLASSTYPE  = Laboratory class</li></ul><p>This value set excludes codes based on the following rules:</p><ul><li>Exclude codes from<a href="http://loinc.org"><code>http://loinc.org</code></a> where CLASS  = LP62148-9 (NR STATS)</li><li>Exclude codes from<a href="http://loinc.org"><code>http://loinc.org</code></a> where CLASS  = LP175679-2 (H&amp;P.HX.LAB)</li><li>Exclude codes from<a href="http://loinc.org"><code>http://loinc.org</code></a> where CLASS  = LP7785-1 (CHALSKIN)</li><li>Exclude codes from<a href="http://loinc.org"><code>http://loinc.org</code></a> where CLASS  = LP94892-4 (LABORDERS)</li></ul></div></text><extension url="http://hl7.org/fhir/StructureDefinition/structuredefinition-wg"><valueCode value="pc"/></extension><extension url="http://hl7.org/fhir/StructureDefinition/structuredefinition-fmm"><valueInteger value="2"><extension url="http://hl7.org/fhir/StructureDefinition/structuredefinition-conformance-derivedFrom"><valueCanonical value="http://hl7.org/fhir/uv/ips/ImplementationGuide/hl7.fhir.uv.ips"/></extension></valueInteger></extension><extension url="http://hl7.org/fhir/StructureDefinition/structuredefinition-standards-status"><valueCode value="trial-use"><extension url="http://hl7.org/fhir/StructureDefinition/structuredefinition-conformance-derivedFrom"><valueCanonical value="http://hl7.org/fhir/uv/ips/ImplementationGuide/hl7.fhir.uv.ips"/></extension></valueCode></extension><url value="http://hl7.org/fhir/uv/ips/ValueSet/results-laboratory-pathology-observations-uv-ips"/><identifier><use value="official"/><system value="http://art-decor.org/ns/oids/vs"/><value value="2.16.840.1.113883.11.22.39"/></identifier><version value="2.0.0-ballot"/><name value="ResultsLaboratoryPathologyObservationUvIps"/><title value="Results Laboratory/Pathology Observation - IPS"/><status value="active"/><experimental value="false"/><date value="2024-08-14T14:11:06+00:00"/><publisher value="HL7 International / Patient Care"/><contact><name value="HL7 International / Patient Care"/><telecom><system value="url"/><value value="http://www.hl7.org/Special/committees/patientcare"/></telecom></contact><description value="Value Set Definition: LOINC {STATUS in {ACTIVE}, CLASSTYPE in {Laboratory class (1)}, CLASS exclude {LP62148-9 (NR STATS), LP175679-2 (H&amp;P.HX.LAB), LP7785-1 (CHALSKIN), LP94892-4 (LABORDERS)}}"/><jurisdiction><coding><system value="http://unstats.un.org/unsd/methods/m49/m49.htm"/><code value="001"/><display value="World"/></coding></jurisdiction><immutable value="false"/><copyright value="This material contains content from LOINC (http://loinc.org). LOINC is copyright © 1995-2020, Regenstrief Institute, Inc. and the Logical Observation Identifiers Names and Codes (LOINC) Committee and is available at no cost under the license at http://loinc.org/license. LOINC® is a registered United States trademark of Regenstrief Institute, Inc"/><compose><include><system value="http://loinc.org"/><filter><property value="STATUS"/><op value="="/><value value="ACTIVE"/></filter><filter><property value="CLASSTYPE"/><op value="="/><value value="Laboratory class"/></filter></include><exclude><system value="http://loinc.org"/><filter><property value="CLASS"/><op value="="/><value value="LP62148-9"/></filter></exclude><exclude><system value="http://loinc.org"/><filter><property value="CLASS"/><op value="="/><value value="LP175679-2"/></filter></exclude><exclude><system value="http://loinc.org"/><filter><property value="CLASS"/><op value="="/><value value="LP7785-1"/></filter></exclude><exclude><system value="http://loinc.org"/><filter><property value="CLASS"/><op value="="/><value value="LP94892-4"/></filter></exclude></compose></ValueSet>