{
  "resourceType" : "AllergyIntolerance",
  "id" : "eumfh-39-07-1",
  "meta" : {
    "profile" : ["http://hl7.org/fhir/uv/ips/StructureDefinition/AllergyIntolerance-uv-ips"]
  },
  "text" : {
    "status" : "extensions",
    "div" : "<div xmlns=\"http://www.w3.org/1999/xhtml\"><p class=\"res-header-id\"><b>Generated Narrative: AllergyIntolerance eumfh-39-07-1</b></p><a name=\"eumfh-39-07-1\"> </a><a name=\"hceumfh-39-07-1\"> </a><a name=\"eumfh-39-07-1-en-US\"> </a><p><b>clinicalStatus</b>: <span title=\"Codes:{http://terminology.hl7.org/CodeSystem/allergyintolerance-clinical active}\">Active</span></p><p><b>verificationStatus</b>: <span title=\"Codes:{http://terminology.hl7.org/CodeSystem/allergyintolerance-verification confirmed}\">Confirmed</span></p><p><b>code</b>: <span title=\"Codes:{http://snomed.info/sct 716186003}\">No known allergy (situation)</span></p><p><b>patient</b>: <a href=\"Patient-eumfh-39-07.html\">Alexander Heig (inject 39-07)</a></p><p><b>onset</b>: Absent because : unknown</p></div>"
  },
  "clinicalStatus" : {
    "coding" : [{
      "system" : "http://terminology.hl7.org/CodeSystem/allergyintolerance-clinical",
      "code" : "active"
    }]
  },
  "verificationStatus" : {
    "coding" : [{
      "system" : "http://terminology.hl7.org/CodeSystem/allergyintolerance-verification",
      "code" : "confirmed"
    }]
  },
  "code" : {
    "coding" : [{
      "system" : "http://snomed.info/sct",
      "code" : "716186003",
      "display" : "No known allergy (situation)"
    }]
  },
  "patient" : {
    "reference" : "Patient/eumfh-39-07",
    "display" : "Alexander Heig (inject 39-07)"
  },
  "_onsetDateTime" : {
    "extension" : [{
      "url" : "http://hl7.org/fhir/StructureDefinition/data-absent-reason",
      "valueCode" : "unknown"
    }]
  }
}