<?xml version="1.0" encoding="UTF-8"?>

<DeviceUseStatement xmlns="http://hl7.org/fhir">
  <id value="eumfh-70-275-1"/>
  <meta>
    <profile value="http://hl7.org/fhir/uv/ips/StructureDefinition/DeviceUseStatement-uv-ips"/>
  </meta>
  <text>
    <status value="extensions"/><div xmlns="http://www.w3.org/1999/xhtml"><p class="res-header-id"><b>Generated Narrative: DeviceUseStatement eumfh-70-275-1</b></p><a name="eumfh-70-275-1"> </a><a name="hceumfh-70-275-1"> </a><a name="eumfh-70-275-1-en-US"> </a><p><b>status</b>: Active</p><p><b>subject</b>: <a href="Patient-eumfh-39-07.html">Annelise Black (inject 70-275)</a></p><p><b>timing</b>: Absent because : unknown</p><p><b>device</b>: <a href="Device-eumfh-70-275-1.html">Device: type = No known device use (situation)</a></p></div>
  </text>
  <status value="active"/>
  <subject>
    <reference value="Patient/eumfh-39-07"/>
    <display value="Annelise Black (inject 70-275)"/>
  </subject>
  <timingDateTime>
    <extension url="http://hl7.org/fhir/StructureDefinition/data-absent-reason">
      <valueCode value="unknown"/>
    </extension>
  </timingDateTime>
  <device>
    <reference value="Device/eumfh-70-275-1"/>
  </device>
</DeviceUseStatement>