<?xml version="1.0" encoding="UTF-8"?>

<ImagingStudy xmlns="http://hl7.org/fhir">
  <id value="TII-ImagingStudy-5-1"/>
  <meta>
    <profile value="http://hl7.org/fhir/uv/ips/StructureDefinition/ImagingStudy-uv-ips"/>
  </meta>
  <text>
    <status value="generated"/><div xmlns="http://www.w3.org/1999/xhtml"><p class="res-header-id"><b>Generated Narrative: ImagingStudy TII-ImagingStudy-5-1</b></p><a name="TII-ImagingStudy-5-1"> </a><a name="hcTII-ImagingStudy-5-1"> </a><a name="TII-ImagingStudy-5-1-en-US"> </a><p><b>identifier</b>: <a href="http://terminology.hl7.org/6.0.2/NamingSystem-dui.html" title="An OID issued under DICOM OID rules. DICOM OIDs are represented as plain OIDs, with a prefix of &quot;urn:oid:&quot;. See https://www.dicomstandard.org/">DICOM Unique Id</a>/urn:oid:2.16.840.1.113883.2.9.999.1.12345</p><p><b>status</b>: Available</p><p><b>subject</b>: <a href="Patient-eumfh-39-07.html">Alexander Heig  Male, DoB: 1957 ( http://trilliumbridge.eu/fhir/demos/eumfh/inject#39-07)</a></p><p><b>procedureCode</b>: <span title="Codes:{http://loinc.org 49569-7}">SPECT Heart perfusion and wall motion at rest and W stress and W Tl-201 IV and W Tc-99m Sestamibi IV</span></p><p><b>reasonCode</b>: <span title="Codes:">Chest pain, hypertension, type II diabetes mellitus.</span></p><h3>Series</h3><table class="grid"><tr><td style="display: none">-</td><td><b>Uid</b></td><td><b>Modality</b></td><td><b>BodySite</b></td></tr><tr><td style="display: none">*</td><td>2.16.840.1.113883.2.9.999.2.12345</td><td><a href="http://hl7.org/fhir/R4/codesystem-dicom-dcim.html#dicom-dcim-NM">DICOM Controlled Terminology Definitions</a> NM: Nuclear Medicine</td><td><a href="http://snomed.info/id/80891009">SNOMED CT (all versions)</a> 80891009: Heart</td></tr></table></div>
  </text>
  <identifier>
    <system value="urn:dicom:uid"/>
    <value value="urn:oid:2.16.840.1.113883.2.9.999.1.12345"/>
  </identifier>
  <status value="available"/>
  <subject>
    <reference value="Patient/eumfh-39-07"/>
  </subject>
  <procedureCode>
    <coding>
      <system value="http://loinc.org"/>
      <code value="49569-7"/>
      <display value="SPECT Heart perfusion and wall motion at rest and W stress and W Tl-201 IV and W Tc-99m Sestamibi IV"/>
    </coding>
  </procedureCode>
  <reasonCode>
    <text value="Chest pain, hypertension, type II diabetes mellitus."/>
  </reasonCode>
  <series>
    <uid value="2.16.840.1.113883.2.9.999.2.12345"/>
    <modality>
      <system value="http://dicom.nema.org/resources/ontology/DCM"/>
      <code value="NM"/>
      <display value="Nuclear Medicine"/>
    </modality>
    <bodySite>
      <system value="http://snomed.info/sct"/>
      <code value="80891009"/>
      <display value="Heart"/>
    </bodySite>
  </series>
</ImagingStudy>