{
  "resourceType" : "MedicationStatement",
  "id" : "eumfh-39-07-1",
  "meta" : {
    "profile" : ["http://hl7.org/fhir/uv/ips/StructureDefinition/MedicationStatement-uv-ips"]
  },
  "text" : {
    "status" : "generated",
    "div" : "<div xmlns=\"http://www.w3.org/1999/xhtml\"><p class=\"res-header-id\"><b>Generated Narrative: MedicationStatement eumfh-39-07-1</b></p><a name=\"eumfh-39-07-1\"> </a><a name=\"hceumfh-39-07-1\"> </a><a name=\"eumfh-39-07-1-en-US\"> </a><p><b>status</b>: Active</p><p><b>medication</b>: <a href=\"Medication-eumfh-39-07-1.html\">simvastatin</a></p><p><b>subject</b>: <a href=\"Patient-eumfh-39-07.html\">Alexander Heig (inject 39-07)</a></p><p><b>effective</b>: 2014 --&gt; (ongoing)</p><blockquote><p><b>dosage</b></p></blockquote></div>"
  },
  "status" : "active",
  "medicationReference" : {
    "reference" : "Medication/eumfh-39-07-1",
    "display" : "simvastatin"
  },
  "subject" : {
    "reference" : "Patient/eumfh-39-07",
    "display" : "Alexander Heig (inject 39-07)"
  },
  "effectivePeriod" : {
    "start" : "2014"
  },
  "dosage" : [{
    "text" : "40 mg/day",
    "timing" : {
      "repeat" : {
        "frequency" : 1,
        "period" : 1,
        "periodUnit" : "d"
      }
    },
    "doseAndRate" : [{
      "doseQuantity" : {
        "value" : 40,
        "unit" : "mg",
        "system" : "http://unitsofmeasure.org",
        "code" : "mg"
      }
    }]
  }]
}