<?xml version="1.0" encoding="UTF-8"?>

<Observation xmlns="http://hl7.org/fhir">
  <id value="alcohol-use-example"/>
  <meta>
    <profile value="http://hl7.org/fhir/uv/ips/StructureDefinition/Observation-alcoholuse-uv-ips"/>
  </meta>
  <text>
    <status value="generated"/><div xmlns="http://www.w3.org/1999/xhtml"><p class="res-header-id"><b>Generated Narrative: Observation alcohol-use-example</b></p><a name="alcohol-use-example"> </a><a name="hcalcohol-use-example"> </a><a name="alcohol-use-example-en-US"> </a><p><b>status</b>: Final</p><p><b>code</b>: <span title="Codes:{http://loinc.org 74013-4}">Alcoholic drinks per day</span></p><p><b>subject</b>: <a href="Patient-patient-example-female.html">Martha DeLarosa  Female, DoB: 1992-05-01 ( urn:oid:2.16.840.1.113883.2.4.6.3#574687583)</a></p><p><b>effective</b>: 2019-07-15</p><p><b>performer</b>: <a href="Patient-eumfh-39-07.html">Alexander Heig  Male, DoB: 1957 ( http://trilliumbridge.eu/fhir/demos/eumfh/inject#39-07)</a></p><p><b>value</b>: 2 wine glasses per day<span style="background: LightGoldenRodYellow"> (Details: UCUM  code{wine glasses}/d = '{wine glasses}/d')</span></p></div>
  </text>
  <status value="final"/>
  <code>
    <coding>
      <system value="http://loinc.org"/>
      <code value="74013-4"/>
      <display value="Alcoholic drinks per day"/>
    </coding>
  </code>
  <subject>
    <reference value="Patient/patient-example-female"/>
  </subject>
  <effectiveDateTime value="2019-07-15"/>
  <performer>
    <reference value="Patient/eumfh-39-07"/>
  </performer>
  <valueQuantity>
    <value value="2"/>
    <unit value="wine glasses per day"/>
    <system value="http://unitsofmeasure.org"/>
    <code value="{wine glasses}/d"/>
  </valueQuantity>
</Observation>