{
  "resourceType" : "Observation",
  "id" : "pathology-cancer",
  "meta" : {
    "profile" : ["http://hl7.org/fhir/uv/ips/StructureDefinition/Observation-results-laboratory-pathology-uv-ips"]
  },
  "text" : {
    "status" : "generated",
    "div" : "<div xmlns=\"http://www.w3.org/1999/xhtml\"><p class=\"res-header-id\"><b>Generated Narrative: Observation pathology-cancer</b></p><a name=\"pathology-cancer\"> </a><a name=\"hcpathology-cancer\"> </a><a name=\"pathology-cancer-en-US\"> </a><p><b>status</b>: Final</p><p><b>category</b>: <span title=\"Codes:{http://terminology.hl7.org/CodeSystem/observation-category laboratory}\">Laboratory</span></p><p><b>code</b>: <span title=\"Codes:{http://loinc.org 16112-5}\">Estrogen receptor [Interpretation] in Tissue</span></p><p><b>subject</b>: <a href=\"Patient-eumfh-39-07.html\">Alexander Heig  Male, DoB: 1957 ( http://trilliumbridge.eu/fhir/demos/eumfh/inject#39-07)</a></p><p><b>effective</b>: 2020-04-22 19:20:00+0200</p><p><b>performer</b>: <a href=\"Organization-TII-Organization1.html\">Organization Someplace General Hospital</a></p><p><b>value</b>: <span title=\"Codes:{http://snomed.info/sct 416053008}\">Estrogen receptor positive tumor</span></p><p><b>method</b>: <span title=\"Codes:{http://snomed.info/sct 117259009}\">Microscopy</span></p></div>"
  },
  "status" : "final",
  "category" : [{
    "coding" : [{
      "system" : "http://terminology.hl7.org/CodeSystem/observation-category",
      "code" : "laboratory"
    }]
  }],
  "code" : {
    "coding" : [{
      "system" : "http://loinc.org",
      "code" : "16112-5",
      "display" : "Estrogen receptor [Interpretation] in Tissue"
    }]
  },
  "subject" : {
    "reference" : "Patient/eumfh-39-07"
  },
  "effectiveDateTime" : "2020-04-22T19:20:00+02:00",
  "performer" : [{
    "reference" : "Organization/TII-Organization1"
  }],
  "valueCodeableConcept" : {
    "coding" : [{
      "system" : "http://snomed.info/sct",
      "code" : "416053008",
      "display" : "Estrogen receptor positive tumor"
    }]
  },
  "method" : {
    "coding" : [{
      "system" : "http://snomed.info/sct",
      "code" : "117259009",
      "display" : "Microscopy"
    }]
  }
}