<?xml version="1.0" encoding="UTF-8"?>

<Observation xmlns="http://hl7.org/fhir">
  <id value="pregnancy-status-example"/>
  <meta>
    <profile value="http://hl7.org/fhir/uv/ips/StructureDefinition/Observation-pregnancy-status-uv-ips"/>
  </meta>
  <text>
    <status value="generated"/><div xmlns="http://www.w3.org/1999/xhtml"><p class="res-header-id"><b>Generated Narrative: Observation pregnancy-status-example</b></p><a name="pregnancy-status-example"> </a><a name="hcpregnancy-status-example"> </a><a name="pregnancy-status-example-en-US"> </a><p><b>status</b>: Final</p><p><b>code</b>: <span title="Codes:{http://loinc.org 82810-3}">Pregnancy status</span></p><p><b>subject</b>: <a href="Patient-patient-example-female.html">Martha DeLarosa  Female, DoB: 1992-05-01 ( urn:oid:2.16.840.1.113883.2.4.6.3#574687583)</a></p><p><b>effective</b>: 2020-01-10</p><p><b>performer</b>: <a href="Patient-eumfh-39-07.html">Alexander Heig  Male, DoB: 1957 ( http://trilliumbridge.eu/fhir/demos/eumfh/inject#39-07)</a></p><p><b>value</b>: <span title="Codes:{http://loinc.org LA15173-0}">Pregnant</span></p><p><b>hasMember</b>: <a href="Observation-pregnancy-edd-example.html">Observation Delivery date Estimated</a></p></div>
  </text>
  <status value="final"/>
  <code>
    <coding>
      <system value="http://loinc.org"/>
      <code value="82810-3"/>
      <display value="Pregnancy status"/>
    </coding>
  </code>
  <subject>
    <reference value="Patient/patient-example-female"/>
  </subject>
  <effectiveDateTime value="2020-01-10"/>
  <performer>
    <reference value="Patient/eumfh-39-07"/>
  </performer>
  <valueCodeableConcept>
    <coding>
      <system value="http://loinc.org"/>
      <code value="LA15173-0"/>
      <display value="Pregnant"/>
    </coding>
  </valueCodeableConcept>
  <hasMember>
    <reference value="Observation/pregnancy-edd-example"/>
  </hasMember>
</Observation>