{
  "resourceType" : "Practitioner",
  "id" : "eumfh-39-07",
  "meta" : {
    "profile" : ["http://hl7.org/fhir/uv/ips/StructureDefinition/Practitioner-uv-ips"]
  },
  "text" : {
    "status" : "generated",
    "div" : "<div xmlns=\"http://www.w3.org/1999/xhtml\"><p class=\"res-header-id\"><b>Generated Narrative: Practitioner eumfh-39-07</b></p><a name=\"eumfh-39-07\"> </a><a name=\"hceumfh-39-07\"> </a><a name=\"eumfh-39-07-en-US\"> </a><p><b>name</b>: Mark Antonio </p></div>"
  },
  "name" : [{
    "family" : "Antonio",
    "given" : ["Mark"],
    "prefix" : ["Dr."]
  }]
}