{
  "resourceType" : "PractitionerRole",
  "id" : "simple-pr",
  "meta" : {
    "profile" : ["http://hl7.org/fhir/uv/ips/StructureDefinition/PractitionerRole-uv-ips"]
  },
  "text" : {
    "status" : "generated",
    "div" : "<div xmlns=\"http://www.w3.org/1999/xhtml\"><p class=\"res-header-id\"><b>Generated Narrative: PractitionerRole simple-pr</b></p><a name=\"simple-pr\"> </a><a name=\"hcsimple-pr\"> </a><a name=\"simple-pr-en-US\"> </a><p><b>practitioner</b>: <a href=\"Practitioner-eumfh-39-07.html\">Practitioner Mark Antonio </a></p><p><b>organization</b>: <a href=\"Organization-simple-org.html\">Organization Best Diagnostic Department</a></p></div>"
  },
  "practitioner" : {
    "reference" : "Practitioner/eumfh-39-07"
  },
  "organization" : {
    "reference" : "Organization/simple-org"
  }
}