{
  "resourceType" : "ValueSet",
  "id" : "medicine-active-substances-uv-ips",
  "meta" : {
    "profile" : ["http://hl7.org/fhir/StructureDefinition/shareablevalueset"]
  },
  "text" : {
    "status" : "generated",
    "div" : "<div xmlns=\"http://www.w3.org/1999/xhtml\"><p class=\"res-header-id\"><b>Generated Narrative: ValueSet medicine-active-substances-uv-ips</b></p><a name=\"medicine-active-substances-uv-ips\"> </a><a name=\"hcmedicine-active-substances-uv-ips\"> </a><a name=\"medicine-active-substances-uv-ips-en-US\"> </a><ul><li>Include codes from<a href=\"http://www.snomed.org/\"><code>http://snomed.info/sct</code></a> where concept  descends from 410942007 (Drug or medicament (substance))</li></ul></div>"
  },
  "extension" : [{
    "url" : "http://hl7.org/fhir/StructureDefinition/structuredefinition-wg",
    "valueCode" : "pc"
  },
  {
    "url" : "http://hl7.org/fhir/StructureDefinition/structuredefinition-fmm",
    "valueInteger" : 2,
    "_valueInteger" : {
      "extension" : [{
        "url" : "http://hl7.org/fhir/StructureDefinition/structuredefinition-conformance-derivedFrom",
        "valueCanonical" : "http://hl7.org/fhir/uv/ips/ImplementationGuide/hl7.fhir.uv.ips"
      }]
    }
  },
  {
    "url" : "http://hl7.org/fhir/StructureDefinition/structuredefinition-standards-status",
    "valueCode" : "trial-use",
    "_valueCode" : {
      "extension" : [{
        "url" : "http://hl7.org/fhir/StructureDefinition/structuredefinition-conformance-derivedFrom",
        "valueCanonical" : "http://hl7.org/fhir/uv/ips/ImplementationGuide/hl7.fhir.uv.ips"
      }]
    }
  }],
  "url" : "http://hl7.org/fhir/uv/ips/ValueSet/medicine-active-substances-uv-ips",
  "version" : "2.0.0-ballot",
  "name" : "MedicineActiveSubstancesUvIps",
  "title" : "Medicine Active Substances - IPS",
  "status" : "active",
  "experimental" : false,
  "date" : "2024-08-14T14:11:06+00:00",
  "publisher" : "HL7 International / Patient Care",
  "contact" : [{
    "name" : "HL7 International / Patient Care",
    "telecom" : [{
      "system" : "url",
      "value" : "http://www.hl7.org/Special/committees/patientcare"
    }]
  }],
  "description" : "IPS Medicine active substance codes value set.  This value set includes codes from SNOMED CT®: all descendants of 410942007 \\|Drug or medicament (substance)\\|\n\nSNOMED CT® ECL definition:\\\n< 410942007 \\|Drug or medicament (substance)\\|\\\n\nFuture implementations should consider ISO 11238\u00a0Health informatics -- Identification of medicinal products -- Data elements and structures for the unique identification and exchange of regulated information on substances.",
  "jurisdiction" : [{
    "coding" : [{
      "system" : "http://unstats.un.org/unsd/methods/m49/m49.htm",
      "code" : "001",
      "display" : "World"
    }]
  }],
  "immutable" : false,
  "copyright" : "This value set includes content from SNOMED CT, which is copyright © 2002+ International Health Terminology Standards Development Organisation (IHTSDO), and distributed by agreement between IHTSDO and HL7. Implementer use of SNOMED CT is not covered by this agreement",
  "compose" : {
    "include" : [{
      "system" : "http://snomed.info/sct",
      "filter" : [{
        "property" : "concept",
        "op" : "descendent-of",
        "value" : "410942007"
      }]
    }]
  }
}