<?xml version="1.0" encoding="UTF-8"?>

<ValueSet xmlns="http://hl7.org/fhir">
  <id value="body-site-uv-ips"/>
  <meta>
    <profile value="http://hl7.org/fhir/StructureDefinition/shareablevalueset"/>
  </meta>
  <text>
    <status value="generated"/><div xmlns="http://www.w3.org/1999/xhtml"><p class="res-header-id"><b>Generated Narrative: ValueSet body-site-uv-ips</b></p><a name="body-site-uv-ips"> </a><a name="hcbody-site-uv-ips"> </a><a name="body-site-uv-ips-en-US"> </a><ul><li>Include codes from<a href="http://www.snomed.org/"><code>http://snomed.info/sct</code></a> where concept  descends from 442083009 (Anatomical or acquired body structure (body structure))</li></ul></div>
  </text>
  <extension url="http://hl7.org/fhir/StructureDefinition/structuredefinition-wg">
    <valueCode value="pc"/>
  </extension>
  <extension url="http://hl7.org/fhir/StructureDefinition/structuredefinition-fmm">
    <valueInteger value="2">
      <extension url="http://hl7.org/fhir/StructureDefinition/structuredefinition-conformance-derivedFrom">
        <valueCanonical value="http://hl7.org/fhir/uv/ips/ImplementationGuide/hl7.fhir.uv.ips"/>
      </extension>
    </valueInteger>
  </extension>
  <extension url="http://hl7.org/fhir/StructureDefinition/structuredefinition-standards-status">
    <valueCode value="trial-use">
      <extension url="http://hl7.org/fhir/StructureDefinition/structuredefinition-conformance-derivedFrom">
        <valueCanonical value="http://hl7.org/fhir/uv/ips/ImplementationGuide/hl7.fhir.uv.ips"/>
      </extension>
    </valueCode>
  </extension>
  <url value="http://hl7.org/fhir/uv/ips/ValueSet/body-site-uv-ips"/>
  <version value="2.0.0-ballot"/>
  <name value="BodySiteUvIps"/>
  <title value="Body Site - IPS"/>
  <status value="active"/>
  <experimental value="false"/>
  <date value="2024-08-14T14:11:06+00:00"/>
  <publisher value="HL7 International / Patient Care"/>
  <contact>
    <name value="HL7 International / Patient Care"/>
    <telecom>
      <system value="url"/>
      <value value="http://www.hl7.org/Special/committees/patientcare"/>
    </telecom>
  </contact>
  <description value="IPS body site value set. This value set includes a set of codes from SNOMED CT that may be used to represent body sites (e.g., for laboratory specimen collection). This value set includes codes from SNOMED CT®: all descendants of 442083009 \|Anatomical or acquired body structure (body structure)\|&#xA;&#xA;SNOMED CT® ECL definition:\&#xA;&lt; 442083009 \|Anatomical or acquired body structure (body structure)\|"/>
  <jurisdiction>
    <coding>
      <system value="http://unstats.un.org/unsd/methods/m49/m49.htm"/>
      <code value="001"/>
      <display value="World"/>
    </coding>
  </jurisdiction>
  <immutable value="false"/>
  <copyright value="This value set includes content from SNOMED CT, which is copyright © 2002+ International Health Terminology Standards Development Organisation (IHTSDO), and distributed by agreement between IHTSDO and HL7. Implementer use of SNOMED CT is not covered by this agreement"/>
  <compose>
    <include>
      <system value="http://snomed.info/sct"/>
      <filter>
        <property value="concept"/>
        <op value="descendent-of"/>
        <value value="442083009"/>
      </filter>
    </include>
  </compose>
</ValueSet>