{
  "resourceType" : "ValueSet",
  "id" : "medication-example-uv-ips",
  "meta" : {
    "profile" : ["http://hl7.org/fhir/StructureDefinition/shareablevalueset"]
  },
  "text" : {
    "status" : "generated",
    "div" : "<div xmlns=\"http://www.w3.org/1999/xhtml\"><p class=\"res-header-id\"><b>Generated Narrative: ValueSet medication-example-uv-ips</b></p><a name=\"medication-example-uv-ips\"> </a><a name=\"hcmedication-example-uv-ips\"> </a><a name=\"medication-example-uv-ips-en-US\"> </a><p>This value set includes codes based on the following rules:</p><ul><li>Include these codes as defined in <a href=\"http://www.snomed.org/\"><code>http://snomed.info/sct</code></a><table class=\"none\"><tr><td style=\"white-space:nowrap\"><b>Code</b></td><td><b>Display</b></td></tr><tr><td><a href=\"http://snomed.info/id/777067000\">777067000</a></td><td>Acetaminophen only product</td></tr><tr><td><a href=\"http://snomed.info/id/774587000\">774587000</a></td><td>Amoxicillin and clavulanic acid only product</td></tr><tr><td><a href=\"http://snomed.info/id/776556004\">776556004</a></td><td>Lithium citrate only product</td></tr><tr><td><a href=\"http://snomed.info/id/774409003\">774409003</a></td><td>Acenocoumarol only product</td></tr><tr><td><a href=\"http://snomed.info/id/780130002\">780130002</a></td><td>Acetaminophen only product in rectal dose form</td></tr><tr><td><a href=\"http://snomed.info/id/778315007\">778315007</a></td><td>Amoxicillin and clavulanic acid only product in oral dose form</td></tr><tr><td><a href=\"http://snomed.info/id/779725005\">779725005</a></td><td>Lithium citrate only product in oral dose form</td></tr><tr><td><a href=\"http://snomed.info/id/778207007\">778207007</a></td><td>Acenocoumarol only product in oral dose form</td></tr><tr><td><a href=\"http://snomed.info/id/322257001\">322257001</a></td><td>Paracetamol 250 mg rectal suppository</td></tr><tr><td><a href=\"http://snomed.info/id/392259005\">392259005</a></td><td>Amoxicillin 875 mg and clavulanic acid (as clavulanate potassium) 125 mg oral tablet</td></tr><tr><td><a href=\"http://snomed.info/id/766489003\">766489003</a></td><td>Lithium citrate 104 mg/mL oral solution</td></tr><tr><td><a href=\"http://snomed.info/id/319740004\">319740004</a></td><td>Acenocoumarol 1 mg oral tablet</td></tr></table></li><li>Include these codes as defined in <a href=\"http://www.nlm.nih.gov/research/umls/rxnorm\"><code>http://www.nlm.nih.gov/research/umls/rxnorm</code></a><table class=\"none\"><tr><td style=\"white-space:nowrap\"><b>Code</b></td><td><b>Display</b></td></tr><tr><td>331055</td><td>Amoxicillin 1000 MG</td></tr><tr><td>437158</td><td>Acetaminophen 100 MG</td></tr><tr><td>332122</td><td>lithium citrate 60 MG/ML</td></tr></table></li><li>Include these codes as defined in <a href=\"http://terminology.hl7.org/6.0.2/CodeSystem-v3-ndc.html\"><code>http://hl7.org/fhir/sid/ndc</code></a><table class=\"none\"><tr><td style=\"white-space:nowrap\"><b>Code</b></td><td><b>Display</b></td></tr><tr><td>0781-1852</td><td>Amoxicillin and Clavulanate Potassium  (product)</td></tr><tr><td>0781-1852-20</td><td>Amoxicillin and Clavulanate Potassium, 20 TABLET, FILM COATED in 1 BOTTLE (0781-1852-20) (package)</td></tr></table></li></ul></div>"
  },
  "extension" : [{
    "url" : "http://hl7.org/fhir/StructureDefinition/structuredefinition-wg",
    "valueCode" : "pc"
  },
  {
    "url" : "http://hl7.org/fhir/StructureDefinition/structuredefinition-fmm",
    "valueInteger" : 2,
    "_valueInteger" : {
      "extension" : [{
        "url" : "http://hl7.org/fhir/StructureDefinition/structuredefinition-conformance-derivedFrom",
        "valueCanonical" : "http://hl7.org/fhir/uv/ips/ImplementationGuide/hl7.fhir.uv.ips"
      }]
    }
  },
  {
    "url" : "http://hl7.org/fhir/StructureDefinition/structuredefinition-standards-status",
    "valueCode" : "trial-use",
    "_valueCode" : {
      "extension" : [{
        "url" : "http://hl7.org/fhir/StructureDefinition/structuredefinition-conformance-derivedFrom",
        "valueCanonical" : "http://hl7.org/fhir/uv/ips/ImplementationGuide/hl7.fhir.uv.ips"
      }]
    }
  }],
  "url" : "http://hl7.org/fhir/uv/ips/ValueSet/medication-example-uv-ips",
  "version" : "2.0.0-ballot",
  "name" : "MedicationsExampleUvIps",
  "title" : "Medications - example (IPS)",
  "status" : "active",
  "experimental" : false,
  "date" : "2024-08-14T14:11:06+00:00",
  "publisher" : "HL7 International / Patient Care",
  "contact" : [{
    "name" : "HL7 International / Patient Care",
    "telecom" : [{
      "system" : "url",
      "value" : "http://www.hl7.org/Special/committees/patientcare"
    }]
  }],
  "description" : "This value set provides an example of possible medication coded concepts. This value set will be removed in a future release and has been replaced with [medication-uv-ips](./ValueSet-medication-uv-ips.html).",
  "jurisdiction" : [{
    "coding" : [{
      "system" : "http://unstats.un.org/unsd/methods/m49/m49.htm",
      "code" : "001",
      "display" : "World"
    }]
  }],
  "copyright" : "This value set includes content from SNOMED CT, which is copyright © 2002+ International Health Terminology Standards Development Organisation (IHTSDO), and distributed by agreement between IHTSDO and HL7. Implementer use of SNOMED CT is not covered by this agreement",
  "compose" : {
    "include" : [{
      "system" : "http://snomed.info/sct",
      "concept" : [{
        "code" : "777067000",
        "display" : "Acetaminophen only product"
      },
      {
        "code" : "774587000",
        "display" : "Amoxicillin and clavulanic acid only product"
      },
      {
        "code" : "776556004",
        "display" : "Lithium citrate only product"
      },
      {
        "code" : "774409003",
        "display" : "Acenocoumarol only product"
      },
      {
        "code" : "780130002",
        "display" : "Acetaminophen only product in rectal dose form"
      },
      {
        "code" : "778315007",
        "display" : "Amoxicillin and clavulanic acid only product in oral dose form"
      },
      {
        "code" : "779725005",
        "display" : "Lithium citrate only product in oral dose form"
      },
      {
        "code" : "778207007",
        "display" : "Acenocoumarol only product in oral dose form"
      },
      {
        "code" : "322257001",
        "display" : "Paracetamol 250 mg rectal suppository"
      },
      {
        "code" : "392259005",
        "display" : "Amoxicillin 875 mg and clavulanic acid (as clavulanate potassium) 125 mg oral tablet"
      },
      {
        "code" : "766489003",
        "display" : "Lithium citrate 104 mg/mL oral solution"
      },
      {
        "code" : "319740004",
        "display" : "Acenocoumarol 1 mg oral tablet"
      }]
    },
    {
      "system" : "http://www.nlm.nih.gov/research/umls/rxnorm",
      "concept" : [{
        "code" : "331055",
        "display" : "Amoxicillin 1000 MG"
      },
      {
        "code" : "437158",
        "display" : "Acetaminophen 100 MG"
      },
      {
        "code" : "332122",
        "display" : "lithium citrate 60 MG/ML"
      }]
    },
    {
      "system" : "http://hl7.org/fhir/sid/ndc",
      "concept" : [{
        "code" : "0781-1852",
        "display" : "Amoxicillin and Clavulanate Potassium  (product)"
      },
      {
        "code" : "0781-1852-20",
        "display" : "Amoxicillin and Clavulanate Potassium, 20 TABLET, FILM COATED in 1 BOTTLE (0781-1852-20) (package)"
      }]
    }]
  }
}