{
  "resourceType" : "ValueSet",
  "id" : "procedures-uv-ips",
  "text" : {
    "status" : "generated",
    "div" : "<div xmlns=\"http://www.w3.org/1999/xhtml\"><p class=\"res-header-id\"><b>Generated Narrative: ValueSet procedures-uv-ips</b></p><a name=\"procedures-uv-ips\"> </a><a name=\"hcprocedures-uv-ips\"> </a><a name=\"procedures-uv-ips-en-US\"> </a><p>This value set includes codes based on the following rules:</p><ul><li>Include codes from<a href=\"http://www.snomed.org/\"><code>http://snomed.info/sct</code></a> where concept  descends from 71388002 (Procedure)</li><li>Include codes from<a href=\"http://www.snomed.org/\"><code>http://snomed.info/sct</code></a> where concept  is-a 787480003 (No known procedures)</li></ul><p>This value set excludes codes based on the following rules:</p><ul><li>Exclude codes from<a href=\"http://www.snomed.org/\"><code>http://snomed.info/sct</code></a> where concept  is-a 14734007 (Administrative procedure)</li><li>Exclude codes from<a href=\"http://www.snomed.org/\"><code>http://snomed.info/sct</code></a> where concept  is-a 59524001 (Blood bank procedure)</li><li>Exclude codes from<a href=\"http://www.snomed.org/\"><code>http://snomed.info/sct</code></a> where concept  is-a 389067005 (Community health procedure (procedure))</li><li>Exclude codes from<a href=\"http://www.snomed.org/\"><code>http://snomed.info/sct</code></a> where concept  is-a 442006003 (Determination of information related to transfusion)</li><li>Exclude codes from<a href=\"http://www.snomed.org/\"><code>http://snomed.info/sct</code></a> where concept  is-a 225288009 (Environmental care procedure)</li><li>Exclude codes from<a href=\"http://www.snomed.org/\"><code>http://snomed.info/sct</code></a> where concept  is-a 308335008 (Patient encounter procedure)</li><li>Exclude codes from<a href=\"http://www.snomed.org/\"><code>http://snomed.info/sct</code></a> where concept  is-a 710135002 (Promotion (procedure))</li><li>Exclude codes from<a href=\"http://www.snomed.org/\"><code>http://snomed.info/sct</code></a> where concept  is-a 389084004 (Staff related procedure (procedure))</li></ul></div>"
  },
  "extension" : [{
    "url" : "http://hl7.org/fhir/StructureDefinition/structuredefinition-wg",
    "valueCode" : "pc"
  },
  {
    "url" : "http://hl7.org/fhir/StructureDefinition/structuredefinition-fmm",
    "valueInteger" : 2,
    "_valueInteger" : {
      "extension" : [{
        "url" : "http://hl7.org/fhir/StructureDefinition/structuredefinition-conformance-derivedFrom",
        "valueCanonical" : "http://hl7.org/fhir/uv/ips/ImplementationGuide/hl7.fhir.uv.ips"
      }]
    }
  },
  {
    "url" : "http://hl7.org/fhir/StructureDefinition/structuredefinition-standards-status",
    "valueCode" : "trial-use",
    "_valueCode" : {
      "extension" : [{
        "url" : "http://hl7.org/fhir/StructureDefinition/structuredefinition-conformance-derivedFrom",
        "valueCanonical" : "http://hl7.org/fhir/uv/ips/ImplementationGuide/hl7.fhir.uv.ips"
      }]
    }
  }],
  "url" : "http://hl7.org/fhir/uv/ips/ValueSet/procedures-uv-ips",
  "version" : "2.0.0-ballot",
  "name" : "ProceduresUvIps",
  "title" : "Procedures - IPS",
  "status" : "active",
  "experimental" : false,
  "date" : "2024-08-14T14:11:06+00:00",
  "publisher" : "HL7 International / Patient Care",
  "contact" : [{
    "name" : "HL7 International / Patient Care",
    "telecom" : [{
      "system" : "url",
      "value" : "http://www.hl7.org/Special/committees/patientcare"
    }]
  }],
  "description" : "IPS Procedure codes value set.  This value set includes codes from SNOMED CT®: all descendants of 71388002 \\|Procedure (procedure)\\|; excluding [all descendants or self of 14734007 \\|Administrative procedure (procedure)\\|; all descendants or self of 59524001 \\|Blood bank procedure (procedure)\\|; all descendants or self of 389067005 \\|Community health procedure (procedure)\\|; all descendants or self of 442006003 \\|Determination of information related to transfusion (procedure)\\|; all descendants or self of 225288009 \\|Environmental care procedure (procedure)\\|; all descendants or self of 308335008 \\|Patient encounter procedure (procedure)\\|; all descendants or self of 710135002 \\|Promotion (procedure)\\|; all descendants or self of 389084004 \\|Staff related procedure (procedure)\\|]; including all descendants or self of 787480003 \\|No known procedures (situation)\\|\n\nSNOMED CT® ECL definition:\\\n(< 71388002 \\|Procedure (procedure)\\| MINUS (\\<\\< 14734007 \\|Administrative procedure (procedure)\\| OR \\<\\< 59524001 \\|Blood bank procedure (procedure)\\| OR \\<\\< 389067005 \\|Community health procedure (procedure)\\| OR \\<\\< 442006003 \\|Determination of information related to transfusion (procedure)\\| OR \\<\\< 225288009 \\|Environmental care procedure (procedure)\\| OR \\<\\< 308335008 \\|Patient encounter procedure (procedure)\\| OR \\<\\< 710135002 \\|Promotion (procedure)\\| OR \\<\\< 389084004 \\|Staff related procedure (procedure)\\|)) OR << 787480003 \\|No known procedures (situation)\\|",
  "jurisdiction" : [{
    "coding" : [{
      "system" : "http://unstats.un.org/unsd/methods/m49/m49.htm",
      "code" : "001",
      "display" : "World"
    }]
  }],
  "immutable" : false,
  "copyright" : "This value set includes content from SNOMED CT, which is copyright © 2002+ International Health Terminology Standards Development Organisation (IHTSDO), and distributed by agreement between IHTSDO and HL7. Implementer use of SNOMED CT is not covered by this agreement",
  "compose" : {
    "include" : [{
      "system" : "http://snomed.info/sct",
      "filter" : [{
        "property" : "concept",
        "op" : "descendent-of",
        "value" : "71388002"
      }]
    },
    {
      "system" : "http://snomed.info/sct",
      "filter" : [{
        "property" : "concept",
        "op" : "is-a",
        "value" : "787480003"
      }]
    }],
    "exclude" : [{
      "system" : "http://snomed.info/sct",
      "filter" : [{
        "property" : "concept",
        "op" : "is-a",
        "value" : "14734007"
      }]
    },
    {
      "system" : "http://snomed.info/sct",
      "filter" : [{
        "property" : "concept",
        "op" : "is-a",
        "value" : "59524001"
      }]
    },
    {
      "system" : "http://snomed.info/sct",
      "filter" : [{
        "property" : "concept",
        "op" : "is-a",
        "value" : "389067005"
      }]
    },
    {
      "system" : "http://snomed.info/sct",
      "filter" : [{
        "property" : "concept",
        "op" : "is-a",
        "value" : "442006003"
      }]
    },
    {
      "system" : "http://snomed.info/sct",
      "filter" : [{
        "property" : "concept",
        "op" : "is-a",
        "value" : "225288009"
      }]
    },
    {
      "system" : "http://snomed.info/sct",
      "filter" : [{
        "property" : "concept",
        "op" : "is-a",
        "value" : "308335008"
      }]
    },
    {
      "system" : "http://snomed.info/sct",
      "filter" : [{
        "property" : "concept",
        "op" : "is-a",
        "value" : "710135002"
      }]
    },
    {
      "system" : "http://snomed.info/sct",
      "filter" : [{
        "property" : "concept",
        "op" : "is-a",
        "value" : "389084004"
      }]
    }]
  }
}