{
  "resourceType" : "ValueSet",
  "id" : "edd-method-uv-ips",
  "meta" : {
    "profile" : ["http://hl7.org/fhir/StructureDefinition/shareablevalueset"]
  },
  "text" : {
    "status" : "generated",
    "div" : "<div xmlns=\"http://www.w3.org/1999/xhtml\"><p class=\"res-header-id\"><b>Generated Narrative: ValueSet edd-method-uv-ips</b></p><a name=\"edd-method-uv-ips\"> </a><a name=\"hcedd-method-uv-ips\"> </a><a name=\"edd-method-uv-ips-en-US\"> </a><ul><li>Include these codes as defined in <a href=\"http://loinc.org\"><code>http://loinc.org</code></a><table class=\"none\"><tr><td style=\"white-space:nowrap\"><b>Code</b></td><td><b>Display</b></td></tr><tr><td><a href=\"https://loinc.org/11778-8/\">11778-8</a></td><td>Delivery date Estimated</td></tr><tr><td><a href=\"https://loinc.org/11779-6/\">11779-6</a></td><td>Delivery date Estimated from last menstrual period</td></tr><tr><td><a href=\"https://loinc.org/11780-4/\">11780-4</a></td><td>Delivery date Estimated from ovulation date</td></tr></table></li></ul></div>"
  },
  "extension" : [{
    "url" : "http://hl7.org/fhir/StructureDefinition/structuredefinition-wg",
    "valueCode" : "pc"
  },
  {
    "url" : "http://hl7.org/fhir/StructureDefinition/structuredefinition-fmm",
    "valueInteger" : 2,
    "_valueInteger" : {
      "extension" : [{
        "url" : "http://hl7.org/fhir/StructureDefinition/structuredefinition-conformance-derivedFrom",
        "valueCanonical" : "http://hl7.org/fhir/uv/ips/ImplementationGuide/hl7.fhir.uv.ips"
      }]
    }
  },
  {
    "url" : "http://hl7.org/fhir/StructureDefinition/structuredefinition-standards-status",
    "valueCode" : "trial-use",
    "_valueCode" : {
      "extension" : [{
        "url" : "http://hl7.org/fhir/StructureDefinition/structuredefinition-conformance-derivedFrom",
        "valueCanonical" : "http://hl7.org/fhir/uv/ips/ImplementationGuide/hl7.fhir.uv.ips"
      }]
    }
  }],
  "url" : "http://hl7.org/fhir/uv/ips/ValueSet/edd-method-uv-ips",
  "identifier" : [{
    "use" : "official",
    "system" : "http://art-decor.org/ns/oids/vs",
    "value" : "2.16.840.1.113883.11.22.20"
  }],
  "version" : "2.0.0-ballot",
  "name" : "PregnancyExpectedDeliveryDateMethodUvIps",
  "title" : "Pregnancy Expected Delivery Date Method - IPS",
  "status" : "active",
  "experimental" : false,
  "date" : "2024-08-14T14:11:06+00:00",
  "publisher" : "HL7 International / Patient Care",
  "contact" : [{
    "name" : "HL7 International / Patient Care",
    "telecom" : [{
      "system" : "url",
      "value" : "http://www.hl7.org/Special/committees/patientcare"
    }]
  }],
  "description" : "IPS Expected Delivery Date Method",
  "jurisdiction" : [{
    "coding" : [{
      "system" : "http://unstats.un.org/unsd/methods/m49/m49.htm",
      "code" : "001",
      "display" : "World"
    }]
  }],
  "immutable" : false,
  "copyright" : "This material contains content from LOINC (http://loinc.org). LOINC is copyright © 1995-2020, Regenstrief Institute, Inc. and the Logical Observation Identifiers Names and Codes (LOINC) Committee and is available at no cost under the license at http://loinc.org/license. LOINC® is a registered United States trademark of Regenstrief Institute, Inc",
  "compose" : {
    "include" : [{
      "system" : "http://loinc.org",
      "concept" : [{
        "code" : "11778-8",
        "display" : "Delivery date Estimated"
      },
      {
        "code" : "11779-6",
        "display" : "Delivery date Estimated from last menstrual period"
      },
      {
        "code" : "11780-4",
        "display" : "Delivery date Estimated from ovulation date"
      }]
    }]
  }
}