{"resourceType":"ValueSet","id":"target-diseases-uv-ips","meta":{"profile":["http://hl7.org/fhir/StructureDefinition/shareablevalueset"]},"text":{"status":"generated","div":"<div xmlns=\"http://www.w3.org/1999/xhtml\"><p class=\"res-header-id\"><b>Generated Narrative: ValueSet target-diseases-uv-ips</b></p><a name=\"target-diseases-uv-ips\"> </a><a name=\"hctarget-diseases-uv-ips\"> </a><a name=\"target-diseases-uv-ips-en-US\"> </a><ul><li>Include these codes as defined in <a href=\"http://www.snomed.org/\"><code>http://snomed.info/sct</code></a><table class=\"none\"><tr><td style=\"white-space:nowrap\"><b>Code</b></td><td><b>Display</b></td></tr><tr><td><a href=\"http://snomed.info/id/4834000\">4834000</a></td><td>Typhoid fever (disorder)</td></tr><tr><td><a href=\"http://snomed.info/id/6142004\">6142004</a></td><td>Influenza (disorder)</td></tr><tr><td><a href=\"http://snomed.info/id/16541001\">16541001</a></td><td>Yellow fever (disorder)</td></tr><tr><td><a href=\"http://snomed.info/id/14189004\">14189004</a></td><td>Measles (disorder)</td></tr><tr><td><a href=\"http://snomed.info/id/14168008\">14168008</a></td><td>Rabies (disorder)</td></tr><tr><td><a href=\"http://snomed.info/id/18624000\">18624000</a></td><td>Disease caused by Rotavirus (disorder)</td></tr><tr><td><a href=\"http://snomed.info/id/23502006\">23502006</a></td><td>Lyme disease (disorder)</td></tr><tr><td><a href=\"http://snomed.info/id/23511006\">23511006</a></td><td>Meningococcal infectious disease (disorder)</td></tr><tr><td><a href=\"http://snomed.info/id/24662006\">24662006</a></td><td>Influenza caused by Influenza B virus (disorder)</td></tr><tr><td><a href=\"http://snomed.info/id/25225006\">25225006</a></td><td>Disease caused by Adenovirus (disorder)</td></tr><tr><td><a href=\"http://snomed.info/id/27836007\">27836007</a></td><td>Pertussis (disorder)</td></tr><tr><td><a href=\"http://snomed.info/id/32398004\">32398004</a></td><td>Bronchitis (disorder)</td></tr><tr><td><a href=\"http://snomed.info/id/36653000\">36653000</a></td><td>Rubella (disorder)</td></tr><tr><td><a href=\"http://snomed.info/id/36989005\">36989005</a></td><td>Mumps (disorder)</td></tr><tr><td><a href=\"http://snomed.info/id/37246009\">37246009</a></td><td>Disease caused by rickettsiae (disorder)</td></tr><tr><td><a href=\"http://snomed.info/id/38907003\">38907003</a></td><td>Varicella (disorder)</td></tr><tr><td><a href=\"http://snomed.info/id/40468003\">40468003</a></td><td>Viral hepatitis, type A (disorder)</td></tr><tr><td><a href=\"http://snomed.info/id/50711007\">50711007</a></td><td>Viral hepatitis type C (disorder)</td></tr><tr><td><a href=\"http://snomed.info/id/52947006\">52947006</a></td><td>Japanese encephalitis virus disease (disorder)</td></tr><tr><td><a href=\"http://snomed.info/id/56717001\">56717001</a></td><td>Tuberculosis (disorder)</td></tr><tr><td><a href=\"http://snomed.info/id/58750007\">58750007</a></td><td>Plague (disorder)</td></tr><tr><td><a href=\"http://snomed.info/id/63650001\">63650001</a></td><td>Cholera (disorder)</td></tr><tr><td><a href=\"http://snomed.info/id/66071002\">66071002</a></td><td>Viral hepatitis type B (disorder)</td></tr><tr><td><a href=\"http://snomed.info/id/67924001\">67924001</a></td><td>Smallpox (disorder)</td></tr><tr><td><a href=\"http://snomed.info/id/70036007\">70036007</a></td><td>Haemophilus influenzae pneumonia (disorder)</td></tr><tr><td><a href=\"http://snomed.info/id/75702008\">75702008</a></td><td>Brucellosis (disorder)</td></tr><tr><td><a href=\"http://snomed.info/id/76902006\">76902006</a></td><td>Tetanus (disorder)</td></tr><tr><td><a href=\"http://snomed.info/id/85904008\">85904008</a></td><td>Paratyphoid fever (disorder)</td></tr><tr><td><a href=\"http://snomed.info/id/111852003\">111852003</a></td><td>Vaccinia (disorder)</td></tr><tr><td><a href=\"http://snomed.info/id/186150001\">186150001</a></td><td>Enteritis caused by rotavirus (disorder)</td></tr><tr><td><a href=\"http://snomed.info/id/186772009\">186772009</a></td><td>Rocky Mountain spotted fever (disorder)</td></tr><tr><td><a href=\"http://snomed.info/id/186788009\">186788009</a></td><td>Q fever (disorder)</td></tr><tr><td><a href=\"http://snomed.info/id/240532009\">240532009</a></td><td>Human papillomavirus infection (disorder)</td></tr><tr><td><a href=\"http://snomed.info/id/240613006\">240613006</a></td><td>Typhus group rickettsial disease (disorder)</td></tr><tr><td><a href=\"http://snomed.info/id/372244006\">372244006</a></td><td>Malignant melanoma (disorder)</td></tr><tr><td><a href=\"http://snomed.info/id/397430003\">397430003</a></td><td>Diphtheria caused by Corynebacterium diphtheriae (disorder)</td></tr><tr><td><a href=\"http://snomed.info/id/398102009\">398102009</a></td><td>Acute poliomyelitis (disorder)</td></tr><tr><td><a href=\"http://snomed.info/id/398565003\">398565003</a></td><td>Infection caused by Clostridium botulinum (disorder)</td></tr><tr><td><a href=\"http://snomed.info/id/409498004\">409498004</a></td><td>Anthrax (disorder)</td></tr><tr><td><a href=\"http://snomed.info/id/417093003\">417093003</a></td><td>Disease caused by West Nile virus (disorder)</td></tr><tr><td><a href=\"http://snomed.info/id/442438000\">442438000</a></td><td>Influenza caused by Influenza A virus (disorder)</td></tr><tr><td><a href=\"http://snomed.info/id/442696006\">442696006</a></td><td>Influenza caused by Influenza A virus subtype H1N1 (disorder)</td></tr><tr><td><a href=\"http://snomed.info/id/450715004\">450715004</a></td><td>Influenza caused by Influenza A virus subtype H7 (disorder)</td></tr><tr><td><a href=\"http://snomed.info/id/707448003\">707448003</a></td><td>Influenza caused by Influenza A virus subtype H7N9 (disorder)</td></tr><tr><td><a href=\"http://snomed.info/id/709410003\">709410003</a></td><td>Haemophilus influenzae type b infection (disorder)</td></tr><tr><td><a href=\"http://snomed.info/id/712986001\">712986001</a></td><td>Encephalitis caused by tick-borne encephalitis virus (disorder)</td></tr><tr><td><a href=\"http://snomed.info/id/713083002\">713083002</a></td><td>Influenza caused by Influenza A virus subtype H5 (disorder)</td></tr><tr><td><a href=\"http://snomed.info/id/772810003\">772810003</a></td><td>Influenza caused by Influenza A virus subtype H3N2 (disorder)</td></tr><tr><td><a href=\"http://snomed.info/id/772828001\">772828001</a></td><td>Influenza caused by Influenza A virus subtype H5N1 (disorder)</td></tr><tr><td><a href=\"http://snomed.info/id/840539006\">840539006</a></td><td>Disease caused by severe acute respiratory syndrome coronavirus 2 (disorder)</td></tr></table></li></ul></div>"},"extension":[{"url":"http://hl7.org/fhir/StructureDefinition/structuredefinition-wg","valueCode":"pc"},{"url":"http://hl7.org/fhir/StructureDefinition/structuredefinition-fmm","valueInteger":2,"_valueInteger":{"extension":[{"url":"http://hl7.org/fhir/StructureDefinition/structuredefinition-conformance-derivedFrom","valueCanonical":"http://hl7.org/fhir/uv/ips/ImplementationGuide/hl7.fhir.uv.ips"}]}},{"url":"http://hl7.org/fhir/StructureDefinition/structuredefinition-standards-status","valueCode":"trial-use","_valueCode":{"extension":[{"url":"http://hl7.org/fhir/StructureDefinition/structuredefinition-conformance-derivedFrom","valueCanonical":"http://hl7.org/fhir/uv/ips/ImplementationGuide/hl7.fhir.uv.ips"}]}}],"url":"http://hl7.org/fhir/uv/ips/ValueSet/target-diseases-uv-ips","version":"2.0.0-ballot","name":"VaccineTargetDiseasesUvIps","title":"Vaccine Target Diseases - IPS","status":"active","experimental":false,"date":"2024-08-14T14:11:06+00:00","publisher":"HL7 International / Patient Care","contact":[{"name":"HL7 International / Patient Care","telecom":[{"system":"url","value":"http://www.hl7.org/Special/committees/patientcare"}]}],"description":"IPS Vaccine target disease codes value set.  This value set includes codes from SNOMED CT that represent specific vaccine target diseases (descendant concepts, if they exist, are not included).\n\nSNOMED CT® ECL definition:\\\n4834000 \\|Typhoid fever (disorder)\\| OR 6142004 \\|Influenza (disorder)\\| OR 16541001 \\|Yellow fever (disorder)\\| OR 14189004 \\|Measles (disorder)\\| OR 14168008 \\|Rabies (disorder)\\| OR 18624000 \\|Disease caused by Rotavirus (disorder)\\| OR 23502006 \\|Lyme disease (disorder)\\| OR 23511006 \\|Meningococcal infectious disease (disorder)\\| OR 24662006 \\|Influenza caused by Influenza B virus (disorder)\\| OR 25225006 \\|Disease caused by Adenovirus (disorder)\\| OR 27836007 \\|Pertussis (disorder)\\| OR 32398004 \\|Bronchitis (disorder)\\| OR 36653000 \\|Rubella (disorder)\\| OR 36989005 \\|Mumps (disorder)\\| OR 37246009 \\|Disease caused by rickettsiae (disorder)\\| OR 38907003 \\|Varicella (disorder)\\| OR 40468003 \\|Viral hepatitis, type A (disorder)\\| OR 50711007 \\|Viral hepatitis type C (disorder)\\| OR 52947006 \\|Japanese encephalitis virus disease (disorder)\\| OR 56717001 \\|Tuberculosis (disorder)\\| OR 58750007 \\|Plague (disorder)\\| OR 63650001 \\|Cholera (disorder)\\| OR 66071002 \\|Viral hepatitis type B (disorder)\\| OR 67924001 \\|Smallpox (disorder)\\| OR 70036007 \\|Haemophilus influenzae pneumonia (disorder)\\| OR 75702008 \\|Brucellosis (disorder)\\| OR 76902006 \\|Tetanus (disorder)\\| OR 85904008 \\|Paratyphoid fever (disorder)\\| OR 111852003 \\|Vaccinia (disorder)\\| OR 186150001 \\|Enteritis caused by rotavirus (disorder)\\| OR 186772009 \\|Rocky Mountain spotted fever (disorder)\\| OR 186788009 \\|Q fever (disorder)\\| OR 240532009 \\|Human papillomavirus infection (disorder)\\| OR 240613006 \\|Typhus group rickettsial disease (disorder)\\| OR 372244006 \\|Malignant melanoma (disorder)\\| OR 397430003 \\|Diphtheria caused by Corynebacterium diphtheriae (disorder)\\| OR 398102009 \\|Acute poliomyelitis (disorder)\\| OR 398565003 \\|Infection caused by Clostridium botulinum (disorder)\\| OR 409498004 \\|Anthrax (disorder)\\| OR 417093003 \\|Disease caused by West Nile virus (disorder)\\| OR 442438000 \\|Influenza caused by Influenza A virus (disorder)\\| OR 442696006 \\|Influenza caused by Influenza A virus subtype H1N1 (disorder)\\| OR 450715004 \\|Influenza caused by Influenza A virus subtype H7 (disorder)\\| OR 707448003 \\|Influenza caused by Influenza A virus subtype H7N9 (disorder)\\| OR 709410003 \\|Haemophilus influenzae type b infection (disorder)\\| OR 712986001 \\|Encephalitis caused by tick-borne encephalitis virus (disorder)\\| OR 713083002 \\|Influenza caused by Influenza A virus subtype H5 (disorder)\\| OR 772810003 \\|Influenza caused by Influenza A virus subtype H3N2 (disorder)\\| OR 772828001 \\|Influenza caused by Influenza A virus subtype H5N1 (disorder)\\| OR 840539006 \\|Disease caused by severe acute respiratory syndrome coronavirus 2 (disorder)\\|","jurisdiction":[{"coding":[{"system":"http://unstats.un.org/unsd/methods/m49/m49.htm","code":"001","display":"World"}]}],"immutable":false,"copyright":"This value set includes content from SNOMED CT, which is copyright © 2002+ International Health Terminology Standards Development Organisation (IHTSDO), and distributed by agreement between IHTSDO and HL7. Implementer use of SNOMED CT is not covered by this agreement","compose":{"include":[{"system":"http://snomed.info/sct","concept":[{"code":"4834000","display":"Typhoid fever (disorder)"},{"code":"6142004","display":"Influenza (disorder)"},{"code":"16541001","display":"Yellow fever (disorder)"},{"code":"14189004","display":"Measles (disorder)"},{"code":"14168008","display":"Rabies (disorder)"},{"code":"18624000","display":"Disease caused by Rotavirus (disorder)"},{"code":"23502006","display":"Lyme disease (disorder)"},{"code":"23511006","display":"Meningococcal infectious disease (disorder)"},{"code":"24662006","display":"Influenza caused by Influenza B virus (disorder)"},{"code":"25225006","display":"Disease caused by Adenovirus (disorder)"},{"code":"27836007","display":"Pertussis (disorder)"},{"code":"32398004","display":"Bronchitis (disorder)"},{"code":"36653000","display":"Rubella (disorder)"},{"code":"36989005","display":"Mumps (disorder)"},{"code":"37246009","display":"Disease caused by rickettsiae (disorder)"},{"code":"38907003","display":"Varicella (disorder)"},{"code":"40468003","display":"Viral hepatitis, type A (disorder)"},{"code":"50711007","display":"Viral hepatitis type C (disorder)"},{"code":"52947006","display":"Japanese encephalitis virus disease (disorder)"},{"code":"56717001","display":"Tuberculosis (disorder)"},{"code":"58750007","display":"Plague (disorder)"},{"code":"63650001","display":"Cholera (disorder)"},{"code":"66071002","display":"Viral hepatitis type B (disorder)"},{"code":"67924001","display":"Smallpox (disorder)"},{"code":"70036007","display":"Haemophilus influenzae pneumonia (disorder)"},{"code":"75702008","display":"Brucellosis (disorder)"},{"code":"76902006","display":"Tetanus (disorder)"},{"code":"85904008","display":"Paratyphoid fever (disorder)"},{"code":"111852003","display":"Vaccinia (disorder)"},{"code":"186150001","display":"Enteritis caused by rotavirus (disorder)"},{"code":"186772009","display":"Rocky Mountain spotted fever (disorder)"},{"code":"186788009","display":"Q fever (disorder)"},{"code":"240532009","display":"Human papillomavirus infection (disorder)"},{"code":"240613006","display":"Typhus group rickettsial disease (disorder)"},{"code":"372244006","display":"Malignant melanoma (disorder)"},{"code":"397430003","display":"Diphtheria caused by Corynebacterium diphtheriae (disorder)"},{"code":"398102009","display":"Acute poliomyelitis (disorder)"},{"code":"398565003","display":"Infection caused by Clostridium botulinum (disorder)"},{"code":"409498004","display":"Anthrax (disorder)"},{"code":"417093003","display":"Disease caused by West Nile virus (disorder)"},{"code":"442438000","display":"Influenza caused by Influenza A virus (disorder)"},{"code":"442696006","display":"Influenza caused by Influenza A virus subtype H1N1 (disorder)"},{"code":"450715004","display":"Influenza caused by Influenza A virus subtype H7 (disorder)"},{"code":"707448003","display":"Influenza caused by Influenza A virus subtype H7N9 (disorder)"},{"code":"709410003","display":"Haemophilus influenzae type b infection (disorder)"},{"code":"712986001","display":"Encephalitis caused by tick-borne encephalitis virus (disorder)"},{"code":"713083002","display":"Influenza caused by Influenza A virus subtype H5 (disorder)"},{"code":"772810003","display":"Influenza caused by Influenza A virus subtype H3N2 (disorder)"},{"code":"772828001","display":"Influenza caused by Influenza A virus subtype H5N1 (disorder)"},{"code":"840539006","display":"Disease caused by severe acute respiratory syndrome coronavirus 2 (disorder)"}]}]}}