{"resourceType":"ValueSet","id":"results-radiology-numobs-uv-ips","meta":{"profile":["http://hl7.org/fhir/StructureDefinition/shareablevalueset"]},"text":{"status":"extensions","div":"<div xmlns=\"http://www.w3.org/1999/xhtml\"><p class=\"res-header-id\"><b>Generated Narrative: ValueSet results-radiology-numobs-uv-ips</b></p><a name=\"results-radiology-numobs-uv-ips\"> </a><a name=\"hcresults-radiology-numobs-uv-ips\"> </a><a name=\"results-radiology-numobs-uv-ips-en-US\"> </a><p>This value set includes codes based on the following rules:</p><ul><li>Include these codes as defined in <a href=\"http://dicom.nema.org/resources/ontology/DCM\"><code>http://dicom.nema.org/resources/ontology/DCM</code></a><table class=\"none\"><tr><td style=\"white-space:nowrap\"><b>Code</b></td><td><b>Display</b></td><td><b>Definition</b></td></tr><tr><td><a href=\"http://hl7.org/fhir/R4/codesystem-dicom-dcim.html#dicom-dcim-121207\">121207</a></td><td>Height</td><td>Vertical measurement value</td></tr><tr><td><a href=\"http://hl7.org/fhir/R4/codesystem-dicom-dcim.html#dicom-dcim-121211\">121211</a></td><td>Path length</td><td>A one dimensional, or linear, numeric measurement along a polyline</td></tr><tr><td><a href=\"http://hl7.org/fhir/R4/codesystem-dicom-dcim.html#dicom-dcim-121206\">121206</a></td><td>Distance</td><td>A one dimensional, or linear, numeric measurement</td></tr><tr><td><a href=\"http://hl7.org/fhir/R4/codesystem-dicom-dcim.html#dicom-dcim-121216\">121216</a></td><td>Volume estimated from single 2D region</td><td>A three-dimensional numeric measurement that is approximate, based on a two-dimensional region in a single image</td></tr><tr><td><a href=\"http://hl7.org/fhir/R4/codesystem-dicom-dcim.html#dicom-dcim-121218\">121218</a></td><td>Volume estimated from two non-coplanar 2D regions</td><td>A three-dimensional numeric measurement that is approximate, based on two non-coplanar two-dimensional image regions</td></tr><tr><td><a href=\"http://hl7.org/fhir/R4/codesystem-dicom-dcim.html#dicom-dcim-121217\">121217</a></td><td>Volume estimated from three or more non-coplanar 2D regions</td><td>A three-dimensional numeric measurement that is approximate, based on three or more non-coplanar two-dimensional image regions</td></tr><tr><td><a href=\"http://hl7.org/fhir/R4/codesystem-dicom-dcim.html#dicom-dcim-121222\">121222</a></td><td>Volume of sphere</td><td>A three-dimensional numeric measurement of a sphere shaped three-dimensional region of interest in an image set</td></tr><tr><td><a href=\"http://hl7.org/fhir/R4/codesystem-dicom-dcim.html#dicom-dcim-121221\">121221</a></td><td>Volume of ellipsoid</td><td>A three-dimensional numeric measurement of an ellipsoid shaped three-dimensional region of interest in an image set</td></tr><tr><td><a href=\"http://hl7.org/fhir/R4/codesystem-dicom-dcim.html#dicom-dcim-121220\">121220</a></td><td>Volume of circumscribed sphere</td><td>A three-dimensional numeric measurement of the bounding sphere of a three-dimensional region of interest in an image set</td></tr><tr><td><a href=\"http://hl7.org/fhir/R4/codesystem-dicom-dcim.html#dicom-dcim-121219\">121219</a></td><td>Volume of bounding three dimensional region</td><td>A three-dimensional numeric measurement of the bounding region of a three-dimensional region of interest in an image set</td></tr></table></li><li>Include these codes as defined in <a href=\"http://www.snomed.org/\"><code>http://snomed.info/sct</code></a><table class=\"none\"><tr><td style=\"white-space:nowrap\"><b>Code</b></td><td><b>Display</b></td></tr><tr><td><a href=\"http://snomed.info/id/410668003\">410668003</a></td><td>Length</td></tr><tr><td><a href=\"http://snomed.info/id/103355008\">103355008</a></td><td>Width</td></tr><tr><td><a href=\"http://snomed.info/id/131197000\">131197000</a></td><td>Depth</td></tr><tr><td><a href=\"http://snomed.info/id/81827009\">81827009</a></td><td>Diameter</td></tr><tr><td><a href=\"http://snomed.info/id/103339001\">103339001</a></td><td>Long Axis</td></tr><tr><td><a href=\"http://snomed.info/id/103340004\">103340004</a></td><td>Short Axis</td></tr><tr><td><a href=\"http://snomed.info/id/131187009\">131187009</a></td><td>Major Axis</td></tr><tr><td><a href=\"http://snomed.info/id/131188004\">131188004</a></td><td>Minor Axis</td></tr><tr><td><a href=\"http://snomed.info/id/131189007\">131189007</a></td><td>Perpendicular Axis</td></tr><tr><td><a href=\"http://snomed.info/id/131190003\">131190003</a></td><td>Radius</td></tr><tr><td><a href=\"http://snomed.info/id/131191004\">131191004</a></td><td>Perimeter</td></tr><tr><td><a href=\"http://snomed.info/id/74551000\">74551000</a></td><td>Circumference</td></tr><tr><td><a href=\"http://snomed.info/id/131192006\">131192006</a></td><td>Diameter of circumscribed circle</td></tr><tr><td><a href=\"http://snomed.info/id/42798000\">42798000</a></td><td>Area</td></tr><tr><td><a href=\"http://snomed.info/id/131184002\">131184002</a></td><td>Area of defined region</td></tr><tr><td><a href=\"http://snomed.info/id/118565006\">118565006</a></td><td>Volume</td></tr></table></li></ul></div>"},"extension":[{"url":"http://hl7.org/fhir/StructureDefinition/structuredefinition-wg","valueCode":"pc"},{"url":"http://hl7.org/fhir/StructureDefinition/structuredefinition-fmm","valueInteger":2,"_valueInteger":{"extension":[{"url":"http://hl7.org/fhir/StructureDefinition/structuredefinition-conformance-derivedFrom","valueCanonical":"http://hl7.org/fhir/uv/ips/ImplementationGuide/hl7.fhir.uv.ips"}]}},{"url":"http://hl7.org/fhir/StructureDefinition/structuredefinition-standards-status","valueCode":"trial-use","_valueCode":{"extension":[{"url":"http://hl7.org/fhir/StructureDefinition/structuredefinition-conformance-derivedFrom","valueCanonical":"http://hl7.org/fhir/uv/ips/ImplementationGuide/hl7.fhir.uv.ips"}]}}],"url":"http://hl7.org/fhir/uv/ips/ValueSet/results-radiology-numobs-uv-ips","version":"2.0.0-ballot","name":"ResultsRadiologyMeasurementObservationUvIps","title":"Results Radiology Measurement Observation - IPS","status":"active","experimental":false,"date":"2024-08-14T14:11:06+00:00","publisher":"HL7 International / Patient Care","contact":[{"name":"HL7 International / Patient Care","telecom":[{"system":"url","value":"http://www.hl7.org/Special/committees/patientcare"}]}],"description":"Extensible value set including SNOMED CT and DICOM concepts for Linear, Area and Volume Measurements","jurisdiction":[{"coding":[{"system":"http://unstats.un.org/unsd/methods/m49/m49.htm","code":"001","display":"World"}]}],"immutable":false,"copyright":"This value set includes content from SNOMED CT, which is copyright © 2002+ International Health Terminology Standards Development Organisation (IHTSDO), and distributed by agreement between IHTSDO and HL7. Implementer use of SNOMED CT is not covered by this agreement","compose":{"include":[{"system":"http://dicom.nema.org/resources/ontology/DCM","concept":[{"code":"121207","display":"Height"},{"code":"121211","display":"Path length"},{"code":"121206","display":"Distance"},{"code":"121216","display":"Volume estimated from single 2D region"},{"code":"121218","display":"Volume estimated from two non-coplanar 2D regions"},{"code":"121217","display":"Volume estimated from three or more non-coplanar 2D regions"},{"code":"121222","display":"Volume of sphere"},{"code":"121221","display":"Volume of ellipsoid"},{"code":"121220","display":"Volume of circumscribed sphere"},{"code":"121219","display":"Volume of bounding three dimensional region"}]},{"system":"http://snomed.info/sct","concept":[{"code":"410668003","display":"Length"},{"code":"103355008","display":"Width"},{"code":"131197000","display":"Depth"},{"code":"81827009","display":"Diameter"},{"code":"103339001","display":"Long Axis"},{"code":"103340004","display":"Short Axis"},{"code":"131187009","display":"Major Axis"},{"code":"131188004","display":"Minor Axis"},{"code":"131189007","display":"Perpendicular Axis"},{"code":"131190003","display":"Radius"},{"code":"131191004","display":"Perimeter"},{"code":"74551000","display":"Circumference"},{"code":"131192006","display":"Diameter of circumscribed circle"},{"code":"42798000","display":"Area"},{"code":"131184002","display":"Area of defined region"},{"code":"118565006","display":"Volume"}]}]}}