{"resourceType":"ValueSet","id":"results-laboratory-pathology-observations-uv-ips","meta":{"profile":["http://hl7.org/fhir/StructureDefinition/shareablevalueset"]},"text":{"status":"generated","div":"<div xmlns=\"http://www.w3.org/1999/xhtml\"><p class=\"res-header-id\"><b>Generated Narrative: ValueSet results-laboratory-pathology-observations-uv-ips</b></p><a name=\"results-laboratory-pathology-observations-uv-ips\"> </a><a name=\"hcresults-laboratory-pathology-observations-uv-ips\"> </a><a name=\"results-laboratory-pathology-observations-uv-ips-en-US\"> </a><p>This value set includes codes based on the following rules:</p><ul><li>Include codes from<a href=\"http://loinc.org\"><code>http://loinc.org</code></a> where STATUS  = ACTIVE and CLASSTYPE  = Laboratory class</li></ul><p>This value set excludes codes based on the following rules:</p><ul><li>Exclude codes from<a href=\"http://loinc.org\"><code>http://loinc.org</code></a> where CLASS  = LP62148-9 (NR STATS)</li><li>Exclude codes from<a href=\"http://loinc.org\"><code>http://loinc.org</code></a> where CLASS  = LP175679-2 (H&amp;P.HX.LAB)</li><li>Exclude codes from<a href=\"http://loinc.org\"><code>http://loinc.org</code></a> where CLASS  = LP7785-1 (CHALSKIN)</li><li>Exclude codes from<a href=\"http://loinc.org\"><code>http://loinc.org</code></a> where CLASS  = LP94892-4 (LABORDERS)</li></ul></div>"},"extension":[{"url":"http://hl7.org/fhir/StructureDefinition/structuredefinition-wg","valueCode":"pc"},{"url":"http://hl7.org/fhir/StructureDefinition/structuredefinition-fmm","valueInteger":2,"_valueInteger":{"extension":[{"url":"http://hl7.org/fhir/StructureDefinition/structuredefinition-conformance-derivedFrom","valueCanonical":"http://hl7.org/fhir/uv/ips/ImplementationGuide/hl7.fhir.uv.ips"}]}},{"url":"http://hl7.org/fhir/StructureDefinition/structuredefinition-standards-status","valueCode":"trial-use","_valueCode":{"extension":[{"url":"http://hl7.org/fhir/StructureDefinition/structuredefinition-conformance-derivedFrom","valueCanonical":"http://hl7.org/fhir/uv/ips/ImplementationGuide/hl7.fhir.uv.ips"}]}}],"url":"http://hl7.org/fhir/uv/ips/ValueSet/results-laboratory-pathology-observations-uv-ips","identifier":[{"use":"official","system":"http://art-decor.org/ns/oids/vs","value":"2.16.840.1.113883.11.22.39"}],"version":"2.0.0-ballot","name":"ResultsLaboratoryPathologyObservationUvIps","title":"Results Laboratory/Pathology Observation - IPS","status":"active","experimental":false,"date":"2024-08-14T14:11:06+00:00","publisher":"HL7 International / Patient Care","contact":[{"name":"HL7 International / Patient Care","telecom":[{"system":"url","value":"http://www.hl7.org/Special/committees/patientcare"}]}],"description":"Value Set Definition: LOINC {STATUS in {ACTIVE}, CLASSTYPE in {Laboratory class (1)}, CLASS exclude {LP62148-9 (NR STATS), LP175679-2 (H&P.HX.LAB), LP7785-1 (CHALSKIN), LP94892-4 (LABORDERS)}}","jurisdiction":[{"coding":[{"system":"http://unstats.un.org/unsd/methods/m49/m49.htm","code":"001","display":"World"}]}],"immutable":false,"copyright":"This material contains content from LOINC (http://loinc.org). LOINC is copyright © 1995-2020, Regenstrief Institute, Inc. and the Logical Observation Identifiers Names and Codes (LOINC) Committee and is available at no cost under the license at http://loinc.org/license. LOINC® is a registered United States trademark of Regenstrief Institute, Inc","compose":{"include":[{"system":"http://loinc.org","filter":[{"property":"STATUS","op":"=","value":"ACTIVE"},{"property":"CLASSTYPE","op":"=","value":"Laboratory class"}]}],"exclude":[{"system":"http://loinc.org","filter":[{"property":"CLASS","op":"=","value":"LP62148-9"}]},{"system":"http://loinc.org","filter":[{"property":"CLASS","op":"=","value":"LP175679-2"}]},{"system":"http://loinc.org","filter":[{"property":"CLASS","op":"=","value":"LP7785-1"}]},{"system":"http://loinc.org","filter":[{"property":"CLASS","op":"=","value":"LP94892-4"}]}]}}