{"resourceType":"ValueSet","id":"medication-uv-ips","meta":{"profile":["http://hl7.org/fhir/StructureDefinition/shareablevalueset"]},"text":{"status":"generated","div":"<div xmlns=\"http://www.w3.org/1999/xhtml\"><p class=\"res-header-id\"><b>Generated Narrative: ValueSet medication-uv-ips</b></p><a name=\"medication-uv-ips\"> </a><a name=\"hcmedication-uv-ips\"> </a><a name=\"medication-uv-ips-en-US\"> </a><p>This value set includes codes based on the following rules:</p><ul><li>Include codes from<a href=\"http://www.snomed.org/\"><code>http://snomed.info/sct</code></a> where concept  descends from 763158003 (Medicinal product (product))</li><li>Include codes from<a href=\"http://www.snomed.org/\"><code>http://snomed.info/sct</code></a> where concept  is-a 787481004 (No known medications)</li></ul><p>This value set excludes codes based on the following rules:</p><ul><li>Exclude codes from<a href=\"http://www.snomed.org/\"><code>http://snomed.info/sct</code></a> where concept  is-a 787859002 (Vaccine product)</li></ul></div>"},"extension":[{"url":"http://hl7.org/fhir/StructureDefinition/structuredefinition-wg","valueCode":"pc"},{"url":"http://hl7.org/fhir/StructureDefinition/structuredefinition-fmm","valueInteger":2,"_valueInteger":{"extension":[{"url":"http://hl7.org/fhir/StructureDefinition/structuredefinition-conformance-derivedFrom","valueCanonical":"http://hl7.org/fhir/uv/ips/ImplementationGuide/hl7.fhir.uv.ips"}]}},{"url":"http://hl7.org/fhir/StructureDefinition/structuredefinition-standards-status","valueCode":"trial-use","_valueCode":{"extension":[{"url":"http://hl7.org/fhir/StructureDefinition/structuredefinition-conformance-derivedFrom","valueCanonical":"http://hl7.org/fhir/uv/ips/ImplementationGuide/hl7.fhir.uv.ips"}]}}],"url":"http://hl7.org/fhir/uv/ips/ValueSet/medication-uv-ips","version":"2.0.0-ballot","name":"MedicationsUvIps","title":"Medications - IPS","status":"active","experimental":false,"date":"2024-08-14T14:11:06+00:00","publisher":"HL7 International / Patient Care","contact":[{"name":"HL7 International / Patient Care","telecom":[{"system":"url","value":"http://www.hl7.org/Special/committees/patientcare"}]}],"description":"IPS Medication codes value set.  This value set includes codes from SNOMED CT®: all descendants of 763158003 \\|Medicinal product (product)\\|; excluding the descendants or self of 787859002 \\|Vaccine product (medicinal product)\\|; including all descendants or self of 787481004 \\|No known medications (situation)\\|\n\nSNOMED CT® ECL definition:\\\n(< 763158003 \\|Medicinal product (product)\\| MINUS \\<\\< 787859002 \\|Vaccine product (medicinal product)\\|) OR \\<\\< 787481004 \\|No known medications (situation)\\|","jurisdiction":[{"coding":[{"system":"http://unstats.un.org/unsd/methods/m49/m49.htm","code":"001","display":"World"}]}],"immutable":false,"copyright":"This value set includes content from SNOMED CT, which is copyright © 2002+ International Health Terminology Standards Development Organisation (IHTSDO), and distributed by agreement between IHTSDO and HL7. Implementer use of SNOMED CT is not covered by this agreement","compose":{"include":[{"system":"http://snomed.info/sct","filter":[{"property":"concept","op":"descendent-of","value":"763158003"}]},{"system":"http://snomed.info/sct","filter":[{"property":"concept","op":"is-a","value":"787481004"}]}],"exclude":[{"system":"http://snomed.info/sct","filter":[{"property":"concept","op":"is-a","value":"787859002"}]}]}}