{"resourceType":"ValueSet","id":"results-coded-values-laboratory-pathology-uv-ips","meta":{"profile":["http://hl7.org/fhir/StructureDefinition/shareablevalueset"]},"text":{"status":"generated","div":"<div xmlns=\"http://www.w3.org/1999/xhtml\"><p class=\"res-header-id\"><b>Generated Narrative: ValueSet results-coded-values-laboratory-pathology-uv-ips</b></p><a name=\"results-coded-values-laboratory-pathology-uv-ips\"> </a><a name=\"hcresults-coded-values-laboratory-pathology-uv-ips\"> </a><a name=\"results-coded-values-laboratory-pathology-uv-ips-en-US\"> </a><p>This value set includes codes based on the following rules:</p><ul><li>Include codes from<a href=\"http://www.snomed.org/\"><code>http://snomed.info/sct</code></a> where concept  descends from 365636006 (Blood group)</li><li>Include codes from<a href=\"http://www.snomed.org/\"><code>http://snomed.info/sct</code></a> where concept  descends from 260411009 (Presence findings)</li><li>Include codes from<a href=\"http://www.snomed.org/\"><code>http://snomed.info/sct</code></a> where concept  descends from 272519000 (Absence findings)</li><li>Include codes from<a href=\"http://www.snomed.org/\"><code>http://snomed.info/sct</code></a> where concept  descends from 409822003 (Domain Bacteria (organism))</li><li>Include codes from<a href=\"http://www.snomed.org/\"><code>http://snomed.info/sct</code></a> where concept  descends from 441649000 (Class Cestoda and/or Class Trematoda and/or Phylum Nemata (organism))</li><li>Include codes from<a href=\"http://www.snomed.org/\"><code>http://snomed.info/sct</code></a> where concept  descends from 414561005 (Kingdom Fungi (organism))</li><li>Include codes from<a href=\"http://www.snomed.org/\"><code>http://snomed.info/sct</code></a> where concept  descends from 84676004 (Prion)</li><li>Include codes from<a href=\"http://www.snomed.org/\"><code>http://snomed.info/sct</code></a> where concept  descends from 49872002 (Virus)</li><li>Include codes from<a href=\"http://www.snomed.org/\"><code>http://snomed.info/sct</code></a> where concept  descends from 417396000 (Kingdom Protozoa (organism))</li><li>Include codes from<a href=\"http://www.snomed.org/\"><code>http://snomed.info/sct</code></a> where concept  descends from 419036000 (Superkingdom Archaea)</li><li>Include codes from<a href=\"http://www.snomed.org/\"><code>http://snomed.info/sct</code></a> where concept  descends from 426785004 (Kingdom Chromista (organism))</li><li>Include codes from<a href=\"http://www.snomed.org/\"><code>http://snomed.info/sct</code></a> where concept  descends from 370570004 (Kingdom Protista)</li><li>Include codes from<a href=\"http://www.snomed.org/\"><code>http://snomed.info/sct</code></a> where concept  descends from 417377004 (Kingdom Viridiplantae (organism))</li><li>Include codes from<a href=\"http://www.snomed.org/\"><code>http://snomed.info/sct</code></a> where concept  descends from 243565002 (Slime mold)</li><li>Include codes from<a href=\"http://www.snomed.org/\"><code>http://snomed.info/sct</code></a> where concept  descends from 106253005 (Histologic grading differentiation AND/OR behavior)</li><li>Include codes from<a href=\"http://www.snomed.org/\"><code>http://snomed.info/sct</code></a> where concept  descends from 373369003 (Finding of histologic grading differentiation AND/OR behavior (finding))</li><li>Include codes from<a href=\"http://www.snomed.org/\"><code>http://snomed.info/sct</code></a> where concept  descends from 399981008 (Neoplasm and/or hamartoma (disorder))</li></ul></div>"},"extension":[{"url":"http://hl7.org/fhir/StructureDefinition/structuredefinition-wg","valueCode":"pc"},{"url":"http://hl7.org/fhir/StructureDefinition/structuredefinition-fmm","valueInteger":2,"_valueInteger":{"extension":[{"url":"http://hl7.org/fhir/StructureDefinition/structuredefinition-conformance-derivedFrom","valueCanonical":"http://hl7.org/fhir/uv/ips/ImplementationGuide/hl7.fhir.uv.ips"}]}},{"url":"http://hl7.org/fhir/StructureDefinition/structuredefinition-standards-status","valueCode":"trial-use","_valueCode":{"extension":[{"url":"http://hl7.org/fhir/StructureDefinition/structuredefinition-conformance-derivedFrom","valueCanonical":"http://hl7.org/fhir/uv/ips/ImplementationGuide/hl7.fhir.uv.ips"}]}}],"url":"http://hl7.org/fhir/uv/ips/ValueSet/results-coded-values-laboratory-pathology-uv-ips","version":"2.0.0-ballot","name":"ResultsCodedValuesLaboratoryPathologyUvIps","title":"Results Coded Values Laboratory/Pathology - IPS","status":"active","experimental":false,"date":"2024-08-14T14:11:06+00:00","publisher":"HL7 International / Patient Care","contact":[{"name":"HL7 International / Patient Care","telecom":[{"system":"url","value":"http://www.hl7.org/Special/committees/patientcare"}]}],"description":"IPS Results Coded Values Laboratory/Pathology value set.  This value set includes codes from SNOMED CT®: all descendants of 365636006 \\|Finding of blood group (finding)\\|; all descendants of 260411009 \\|Presence findings (qualifier value)\\|; all descendants of 272519000 \\|Absence findings (qualifier value)\\|; all descendants of 409822003 \\|Domain Bacteria (organism)\\|; all descendants of 441649000 \\|Class Cestoda and/or Class Trematoda and/or Phylum Nemata (organism)\\|; all descendants of 414561005 \\|Kingdom Fungi (organism)\\|; all descendants of 84676004 \\|Prion (organism)\\|; all descendants of 49872002 \\|Virus (organism)\\|; all descendants of 417396000 \\|Kingdom Protozoa (organism)\\|; all descendants of 419036000 \\|Domain Archaea (organism)\\|; all descendants of 426785004 \\|Kingdom Chromista (organism)\\|; all descendants of 370570004 \\|Kingdom Protoctista (organism)\\|; all descendants of 417377004 \\|Kingdom Viridiplantae (organism)\\|; all descendants of 243565002 \\|Slime mold (organism)\\|; all descendants of 106253005 \\|Histologic grading differentiation AND/OR behavior (qualifier value)\\|; all descendants of 373369003 \\|Finding of histologic grading differentiation AND/OR behavior (finding)\\|; all descendants of 399981008 \\|Neoplasm and/or hamartoma (disorder)\\|\n\nSNOMED CT® ECL definition:\\\n< 365636006 \\|Finding of blood group (finding)\\| OR < 260411009 \\|Presence findings (qualifier value)\\| OR < 272519000 \\|Absence findings (qualifier value)\\| OR < 409822003 \\|Domain Bacteria (organism)\\| OR < 441649000 \\|Class Cestoda and/or Class Trematoda and/or Phylum Nemata (organism)\\| OR < 414561005 \\|Kingdom Fungi (organism)\\| OR < 84676004 \\|Prion (organism)\\| OR < 49872002 \\|Virus (organism)\\| OR < 417396000 \\|Kingdom Protozoa (organism)\\| OR < 419036000 \\|Domain Archaea (organism)\\| OR < 426785004 \\|Kingdom Chromista (organism)\\| OR < 370570004 \\|Kingdom Protoctista (organism)\\| OR < 417377004 \\|Kingdom Viridiplantae (organism)\\| OR < 243565002 \\|Slime mold (organism)\\| OR < 106253005 \\|Histologic grading differentiation AND/OR behavior (qualifier value)\\| OR < 373369003 \\|Finding of histologic grading differentiation AND/OR behavior (finding)\\| OR < 399981008 \\|Neoplasm and/or hamartoma (disorder)\\|","jurisdiction":[{"coding":[{"system":"http://unstats.un.org/unsd/methods/m49/m49.htm","code":"001","display":"World"}]}],"immutable":false,"copyright":"This value set includes content from SNOMED CT, which is copyright © 2002+ International Health Terminology Standards Development Organisation (IHTSDO), and distributed by agreement between IHTSDO and HL7. Implementer use of SNOMED CT is not covered by this agreement","compose":{"include":[{"system":"http://snomed.info/sct","filter":[{"property":"concept","op":"descendent-of","value":"365636006"}]},{"system":"http://snomed.info/sct","filter":[{"property":"concept","op":"descendent-of","value":"260411009"}]},{"system":"http://snomed.info/sct","filter":[{"property":"concept","op":"descendent-of","value":"272519000"}]},{"system":"http://snomed.info/sct","filter":[{"property":"concept","op":"descendent-of","value":"409822003"}]},{"system":"http://snomed.info/sct","filter":[{"property":"concept","op":"descendent-of","value":"441649000"}]},{"system":"http://snomed.info/sct","filter":[{"property":"concept","op":"descendent-of","value":"414561005"}]},{"system":"http://snomed.info/sct","filter":[{"property":"concept","op":"descendent-of","value":"84676004"}]},{"system":"http://snomed.info/sct","filter":[{"property":"concept","op":"descendent-of","value":"49872002"}]},{"system":"http://snomed.info/sct","filter":[{"property":"concept","op":"descendent-of","value":"417396000"}]},{"system":"http://snomed.info/sct","filter":[{"property":"concept","op":"descendent-of","value":"419036000"}]},{"system":"http://snomed.info/sct","filter":[{"property":"concept","op":"descendent-of","value":"426785004"}]},{"system":"http://snomed.info/sct","filter":[{"property":"concept","op":"descendent-of","value":"370570004"}]},{"system":"http://snomed.info/sct","filter":[{"property":"concept","op":"descendent-of","value":"417377004"}]},{"system":"http://snomed.info/sct","filter":[{"property":"concept","op":"descendent-of","value":"243565002"}]},{"system":"http://snomed.info/sct","filter":[{"property":"concept","op":"descendent-of","value":"106253005"}]},{"system":"http://snomed.info/sct","filter":[{"property":"concept","op":"descendent-of","value":"373369003"}]},{"system":"http://snomed.info/sct","filter":[{"property":"concept","op":"descendent-of","value":"399981008"}]}]}}