{"resourceType":"ValueSet","id":"allergy-intolerance-uv-ips","meta":{"profile":["http://hl7.org/fhir/StructureDefinition/shareablevalueset"]},"text":{"status":"generated","div":"<div xmlns=\"http://www.w3.org/1999/xhtml\"><p class=\"res-header-id\"><b>Generated Narrative: ValueSet allergy-intolerance-uv-ips</b></p><a name=\"allergy-intolerance-uv-ips\"> </a><a name=\"hcallergy-intolerance-uv-ips\"> </a><a name=\"allergy-intolerance-uv-ips-en-US\"> </a><p>This value set includes codes based on the following rules:</p><ul><li>Include codes from<a href=\"http://www.snomed.org/\"><code>http://snomed.info/sct</code></a> where concept  descends from 105590001 (Substance)</li><li>Include codes from<a href=\"http://www.snomed.org/\"><code>http://snomed.info/sct</code></a> where concept  descends from 373873005 (Pharmaceutical / biologic product (product))</li><li>Include codes from<a href=\"http://www.snomed.org/\"><code>http://snomed.info/sct</code></a> where concept  descends from 420134006 (Propensity to adverse reactions)</li><li>Include codes from<a href=\"http://www.snomed.org/\"><code>http://snomed.info/sct</code></a> where concept  is-a 716186003 (No known allergy (situation))</li></ul></div>"},"extension":[{"url":"http://hl7.org/fhir/StructureDefinition/structuredefinition-wg","valueCode":"pc"},{"url":"http://hl7.org/fhir/StructureDefinition/structuredefinition-fmm","valueInteger":2,"_valueInteger":{"extension":[{"url":"http://hl7.org/fhir/StructureDefinition/structuredefinition-conformance-derivedFrom","valueCanonical":"http://hl7.org/fhir/uv/ips/ImplementationGuide/hl7.fhir.uv.ips"}]}},{"url":"http://hl7.org/fhir/StructureDefinition/structuredefinition-standards-status","valueCode":"trial-use","_valueCode":{"extension":[{"url":"http://hl7.org/fhir/StructureDefinition/structuredefinition-conformance-derivedFrom","valueCanonical":"http://hl7.org/fhir/uv/ips/ImplementationGuide/hl7.fhir.uv.ips"}]}}],"url":"http://hl7.org/fhir/uv/ips/ValueSet/allergy-intolerance-uv-ips","version":"2.0.0-ballot","name":"AllergyIntoleranceUvIps","title":"Allergy Intolerance - IPS","status":"active","experimental":false,"date":"2024-08-14T14:11:06+00:00","publisher":"HL7 International / Patient Care","contact":[{"name":"HL7 International / Patient Care","telecom":[{"system":"url","value":"http://www.hl7.org/Special/committees/patientcare"}]}],"description":"IPS Allergy intolerance codes value set. This value set includes codes from SNOMED CT®: all descendants of 373873005 \\|Pharmaceutical / biologic product (product)\\|; all descendants of 105590001 \\|Substance (substance)\\|; all descendants of 420134006 \\|Propensity to adverse reaction (finding)\\|; all descendants or self of 716186003 \\|No known allergy (situation)\\|\n\nSNOMED CT® ECL definition:\\\n< 373873005 \\|Pharmaceutical / biologic product (product)\\| OR < 105590001 \\|Substance (substance)\\| OR < 420134006 \\|Propensity to adverse reaction (finding)\\| OR \\<\\< 716186003 \\|No known allergy (situation)\\|","jurisdiction":[{"coding":[{"system":"http://unstats.un.org/unsd/methods/m49/m49.htm","code":"001","display":"World"}]}],"immutable":false,"copyright":"This value set includes content from SNOMED CT, which is copyright © 2002+ International Health Terminology Standards Development Organisation (IHTSDO), and distributed by agreement between IHTSDO and HL7. Implementer use of SNOMED CT is not covered by this agreement","compose":{"include":[{"system":"http://snomed.info/sct","filter":[{"property":"concept","op":"descendent-of","value":"105590001"}]},{"system":"http://snomed.info/sct","filter":[{"property":"concept","op":"descendent-of","value":"373873005"}]},{"system":"http://snomed.info/sct","filter":[{"property":"concept","op":"descendent-of","value":"420134006"}]},{"system":"http://snomed.info/sct","filter":[{"property":"concept","op":"is-a","value":"716186003"}]}]}}