{"resourceType":"ValueSet","id":"allergy-reaction-uv-ips","meta":{"profile":["http://hl7.org/fhir/StructureDefinition/shareablevalueset"]},"text":{"status":"generated","div":"<div xmlns=\"http://www.w3.org/1999/xhtml\"><p class=\"res-header-id\"><b>Generated Narrative: ValueSet allergy-reaction-uv-ips</b></p><a name=\"allergy-reaction-uv-ips\"> </a><a name=\"hcallergy-reaction-uv-ips\"> </a><a name=\"allergy-reaction-uv-ips-en-US\"> </a><p>This value set includes codes based on the following rules:</p><ul><li>Include codes from<a href=\"http://www.snomed.org/\"><code>http://snomed.info/sct</code></a> where concept  is-a 4386001 (Bronchospasm)</li><li>Include codes from<a href=\"http://www.snomed.org/\"><code>http://snomed.info/sct</code></a> where concept  is-a 9826008 (Conjunctivitis)</li><li>Include codes from<a href=\"http://www.snomed.org/\"><code>http://snomed.info/sct</code></a> where concept  is-a 23924001 (Pressure in chest)</li><li>Include codes from<a href=\"http://www.snomed.org/\"><code>http://snomed.info/sct</code></a> where concept  is-a 24079001 (Atopic dermatitis)</li><li>Include codes from<a href=\"http://www.snomed.org/\"><code>http://snomed.info/sct</code></a> where concept  is-a 31996006 (Vasculitis)</li><li>Include codes from<a href=\"http://www.snomed.org/\"><code>http://snomed.info/sct</code></a> where concept  is-a 39579001 (Anaphylaxis)</li><li>Include codes from<a href=\"http://www.snomed.org/\"><code>http://snomed.info/sct</code></a> where concept  is-a 41291007 (Angioedema)</li><li>Include codes from<a href=\"http://www.snomed.org/\"><code>http://snomed.info/sct</code></a> where concept  is-a 43116000 (Eczema)</li><li>Include codes from<a href=\"http://www.snomed.org/\"><code>http://snomed.info/sct</code></a> where concept  is-a 49727002 (Cough)</li><li>Include codes from<a href=\"http://www.snomed.org/\"><code>http://snomed.info/sct</code></a> where concept  is-a 51599000 (Edema of larynx)</li><li>Include codes from<a href=\"http://www.snomed.org/\"><code>http://snomed.info/sct</code></a> where concept  is-a 62315008 (Diarrhea)</li><li>Include codes from<a href=\"http://www.snomed.org/\"><code>http://snomed.info/sct</code></a> where concept  is-a 70076002 (Rhinitis)</li><li>Include codes from<a href=\"http://www.snomed.org/\"><code>http://snomed.info/sct</code></a> where concept  is-a 73442001 (Stevens-Johnson syndrome)</li><li>Include codes from<a href=\"http://www.snomed.org/\"><code>http://snomed.info/sct</code></a> where concept  is-a 76067001 (Sneezing)</li><li>Include codes from<a href=\"http://www.snomed.org/\"><code>http://snomed.info/sct</code></a> where concept  is-a 91175000 (Seizure)</li><li>Include codes from<a href=\"http://www.snomed.org/\"><code>http://snomed.info/sct</code></a> where concept  is-a 126485001 (Urticaria)</li><li>Include codes from<a href=\"http://www.snomed.org/\"><code>http://snomed.info/sct</code></a> where concept  is-a 162290004 (Dry eyes)</li><li>Include codes from<a href=\"http://www.snomed.org/\"><code>http://snomed.info/sct</code></a> where concept  is-a 195967001 (Airway hyperreactivity)</li><li>Include codes from<a href=\"http://www.snomed.org/\"><code>http://snomed.info/sct</code></a> where concept  is-a 247472004 (Weal)</li><li>Include codes from<a href=\"http://www.snomed.org/\"><code>http://snomed.info/sct</code></a> where concept  is-a 267036007 (Dyspnea)</li><li>Include codes from<a href=\"http://www.snomed.org/\"><code>http://snomed.info/sct</code></a> where concept  is-a 271757001 (Papular eruption)</li><li>Include codes from<a href=\"http://www.snomed.org/\"><code>http://snomed.info/sct</code></a> where concept  is-a 271759003 (Bullous eruption)</li><li>Include codes from<a href=\"http://www.snomed.org/\"><code>http://snomed.info/sct</code></a> where concept  is-a 271807003 (Eruption)</li><li>Include codes from<a href=\"http://www.snomed.org/\"><code>http://snomed.info/sct</code></a> where concept  is-a 410430005 (Cardiorespiratory arrest (disorder))</li><li>Include codes from<a href=\"http://www.snomed.org/\"><code>http://snomed.info/sct</code></a> where concept  is-a 418363000 (Itching of skin (finding))</li><li>Include codes from<a href=\"http://www.snomed.org/\"><code>http://snomed.info/sct</code></a> where concept  is-a 422400008 (Vomiting (disorder))</li><li>Include codes from<a href=\"http://www.snomed.org/\"><code>http://snomed.info/sct</code></a> where concept  is-a 422587007 (Nausea (finding))</li><li>Include codes from<a href=\"http://www.snomed.org/\"><code>http://snomed.info/sct</code></a> where concept  is-a 698247007 (Arrhythmia)</li><li>Include codes from<a href=\"http://www.snomed.org/\"><code>http://snomed.info/sct</code></a> where concept  is-a 702809001 (DRESS syndrome)</li><li>Include codes from<a href=\"http://www.snomed.org/\"><code>http://snomed.info/sct</code></a> where concept  is-a 768962006 (Lyell syndrome (disorder))</li><li>Include codes from<a href=\"http://www.snomed.org/\"><code>http://snomed.info/sct</code></a> where concept  is-a 781682005 (Bloodshot eye)</li></ul></div>"},"extension":[{"url":"http://hl7.org/fhir/StructureDefinition/structuredefinition-wg","valueCode":"pc"},{"url":"http://hl7.org/fhir/StructureDefinition/structuredefinition-fmm","valueInteger":2,"_valueInteger":{"extension":[{"url":"http://hl7.org/fhir/StructureDefinition/structuredefinition-conformance-derivedFrom","valueCanonical":"http://hl7.org/fhir/uv/ips/ImplementationGuide/hl7.fhir.uv.ips"}]}},{"url":"http://hl7.org/fhir/StructureDefinition/structuredefinition-standards-status","valueCode":"trial-use","_valueCode":{"extension":[{"url":"http://hl7.org/fhir/StructureDefinition/structuredefinition-conformance-derivedFrom","valueCanonical":"http://hl7.org/fhir/uv/ips/ImplementationGuide/hl7.fhir.uv.ips"}]}}],"url":"http://hl7.org/fhir/uv/ips/ValueSet/allergy-reaction-uv-ips","version":"2.0.0-ballot","name":"AllergyReactionUvIps","title":"Allergy Reaction - IPS","status":"active","experimental":false,"date":"2024-08-14T14:11:06+00:00","publisher":"HL7 International / Patient Care","contact":[{"name":"HL7 International / Patient Care","telecom":[{"system":"url","value":"http://www.hl7.org/Special/committees/patientcare"}]}],"description":"IPS allergy reaction value set. This value set includes a set of SNOMED CT codes  and descendants (all top level codes are included in the SNOMED CT IPS Terminology) that may be used to represent allergy or intolerance reactions.\n\nSNOMED CT® ECL definition:\\\n\\<\\< 4386001 |Bronchospasm (finding)| OR \\<\\< 9826008 |Conjunctivitis (disorder)| OR \\<\\< 23924001 |Tight chest (finding)| OR \\<\\< 24079001 |Atopic dermatitis (disorder)| OR \\<\\< 31996006 |Vasculitis (disorder)| OR \\<\\< 39579001 |Anaphylaxis (disorder)| OR \\<\\< 41291007 |Angioedema (disorder)| OR \\<\\< 43116000 |Eczema (disorder)| OR \\<\\< 49727002 |Cough (finding)| OR \\<\\< 51599000 |Edema of larynx (disorder)| OR \\<\\< 62315008 |Diarrhea (finding)| OR \\<\\< 70076002 |Rhinitis (disorder)| OR \\<\\< 73442001 |Stevens-Johnson syndrome (disorder)| OR \\<\\< 76067001 |Sneezing (finding)| OR \\<\\< 91175000 |Seizure (finding)| OR \\<\\< 126485001 |Urticaria (disorder)| OR \\<\\< 162290004 |Dry eyes (finding)| OR \\<\\< 195967001 |Asthma (disorder)| OR \\<\\< 247472004 |Weal (disorder)| OR \\<\\< 267036007 |Dyspnea (finding)| OR \\<\\< 271757001 |Papular eruption (disorder)| OR \\<\\< 271759003 |Bullous eruption (disorder)| OR \\<\\< 271807003 |Eruption of skin (disorder)| OR \\<\\< 410430005 |Cardiorespiratory arrest (disorder)| OR \\<\\< 418363000 |Itching of skin (finding)| OR \\<\\< 422400008 |Vomiting (disorder)| OR \\<\\< 422587007 |Nausea (finding)| OR \\<\\< 698247007 |Cardiac arrhythmia (disorder)| OR \\<\\< 702809001 |Drug reaction with eosinophilia and systemic symptoms (disorder)| OR \\<\\< 768962006 |Lyell syndrome (disorder)| OR \\<\\< 781682005 |Hyperemia of eye (finding)|","jurisdiction":[{"coding":[{"system":"http://unstats.un.org/unsd/methods/m49/m49.htm","code":"001","display":"World"}]}],"immutable":false,"copyright":"This value set includes content from SNOMED CT, which is copyright © 2002+ International Health Terminology Standards Development Organisation (IHTSDO), and distributed by agreement between IHTSDO and HL7. Implementer use of SNOMED CT is not covered by this agreement","compose":{"include":[{"system":"http://snomed.info/sct","filter":[{"property":"concept","op":"is-a","value":"4386001"}]},{"system":"http://snomed.info/sct","filter":[{"property":"concept","op":"is-a","value":"9826008"}]},{"system":"http://snomed.info/sct","filter":[{"property":"concept","op":"is-a","value":"23924001"}]},{"system":"http://snomed.info/sct","filter":[{"property":"concept","op":"is-a","value":"24079001"}]},{"system":"http://snomed.info/sct","filter":[{"property":"concept","op":"is-a","value":"31996006"}]},{"system":"http://snomed.info/sct","filter":[{"property":"concept","op":"is-a","value":"39579001"}]},{"system":"http://snomed.info/sct","filter":[{"property":"concept","op":"is-a","value":"41291007"}]},{"system":"http://snomed.info/sct","filter":[{"property":"concept","op":"is-a","value":"43116000"}]},{"system":"http://snomed.info/sct","filter":[{"property":"concept","op":"is-a","value":"49727002"}]},{"system":"http://snomed.info/sct","filter":[{"property":"concept","op":"is-a","value":"51599000"}]},{"system":"http://snomed.info/sct","filter":[{"property":"concept","op":"is-a","value":"62315008"}]},{"system":"http://snomed.info/sct","filter":[{"property":"concept","op":"is-a","value":"70076002"}]},{"system":"http://snomed.info/sct","filter":[{"property":"concept","op":"is-a","value":"73442001"}]},{"system":"http://snomed.info/sct","filter":[{"property":"concept","op":"is-a","value":"76067001"}]},{"system":"http://snomed.info/sct","filter":[{"property":"concept","op":"is-a","value":"91175000"}]},{"system":"http://snomed.info/sct","filter":[{"property":"concept","op":"is-a","value":"126485001"}]},{"system":"http://snomed.info/sct","filter":[{"property":"concept","op":"is-a","value":"162290004"}]},{"system":"http://snomed.info/sct","filter":[{"property":"concept","op":"is-a","value":"195967001"}]},{"system":"http://snomed.info/sct","filter":[{"property":"concept","op":"is-a","value":"247472004"}]},{"system":"http://snomed.info/sct","filter":[{"property":"concept","op":"is-a","value":"267036007"}]},{"system":"http://snomed.info/sct","filter":[{"property":"concept","op":"is-a","value":"271757001"}]},{"system":"http://snomed.info/sct","filter":[{"property":"concept","op":"is-a","value":"271759003"}]},{"system":"http://snomed.info/sct","filter":[{"property":"concept","op":"is-a","value":"271807003"}]},{"system":"http://snomed.info/sct","filter":[{"property":"concept","op":"is-a","value":"410430005"}]},{"system":"http://snomed.info/sct","filter":[{"property":"concept","op":"is-a","value":"418363000"}]},{"system":"http://snomed.info/sct","filter":[{"property":"concept","op":"is-a","value":"422400008"}]},{"system":"http://snomed.info/sct","filter":[{"property":"concept","op":"is-a","value":"422587007"}]},{"system":"http://snomed.info/sct","filter":[{"property":"concept","op":"is-a","value":"698247007"}]},{"system":"http://snomed.info/sct","filter":[{"property":"concept","op":"is-a","value":"702809001"}]},{"system":"http://snomed.info/sct","filter":[{"property":"concept","op":"is-a","value":"768962006"}]},{"system":"http://snomed.info/sct","filter":[{"property":"concept","op":"is-a","value":"781682005"}]}]}}