{"resourceType":"ValueSet","id":"pregnancy-status-uv-ips","meta":{"profile":["http://hl7.org/fhir/StructureDefinition/shareablevalueset"]},"text":{"status":"generated","div":"<div xmlns=\"http://www.w3.org/1999/xhtml\"><p class=\"res-header-id\"><b>Generated Narrative: ValueSet pregnancy-status-uv-ips</b></p><a name=\"pregnancy-status-uv-ips\"> </a><a name=\"hcpregnancy-status-uv-ips\"> </a><a name=\"pregnancy-status-uv-ips-en-US\"> </a><ul><li>Include these codes as defined in <a href=\"http://www.snomed.org/\"><code>http://snomed.info/sct</code></a><table class=\"none\"><tr><td style=\"white-space:nowrap\"><b>Code</b></td><td><b>Display</b></td></tr><tr><td><a href=\"http://snomed.info/id/77386006\">77386006</a></td><td>Pregnant</td></tr><tr><td><a href=\"http://snomed.info/id/60001007\">60001007</a></td><td>Not pregnant</td></tr><tr><td><a href=\"http://snomed.info/id/152231000119106\">152231000119106</a></td><td>Pregnancy not yet confirmed</td></tr><tr><td><a href=\"http://snomed.info/id/146799005\">146799005</a></td><td>Possible pregnancy</td></tr></table></li></ul></div>"},"extension":[{"url":"http://hl7.org/fhir/StructureDefinition/structuredefinition-wg","valueCode":"pc"},{"url":"http://hl7.org/fhir/StructureDefinition/structuredefinition-fmm","valueInteger":2,"_valueInteger":{"extension":[{"url":"http://hl7.org/fhir/StructureDefinition/structuredefinition-conformance-derivedFrom","valueCanonical":"http://hl7.org/fhir/uv/ips/ImplementationGuide/hl7.fhir.uv.ips"}]}},{"url":"http://hl7.org/fhir/StructureDefinition/structuredefinition-standards-status","valueCode":"trial-use","_valueCode":{"extension":[{"url":"http://hl7.org/fhir/StructureDefinition/structuredefinition-conformance-derivedFrom","valueCanonical":"http://hl7.org/fhir/uv/ips/ImplementationGuide/hl7.fhir.uv.ips"}]}}],"url":"http://hl7.org/fhir/uv/ips/ValueSet/pregnancy-status-uv-ips","version":"2.0.0-ballot","name":"PregnancyStatusUvIps","title":"Pregnancy Status - IPS","status":"active","experimental":false,"date":"2024-08-14T14:11:06+00:00","publisher":"HL7 International / Patient Care","contact":[{"name":"HL7 International / Patient Care","telecom":[{"system":"url","value":"http://www.hl7.org/Special/committees/patientcare"}]}],"description":"IPS pregnancy status codes value set.  This value set includes codes from SNOMED CT®: 77386006 \\|Pregnant\\|; 60001007 \\|Not pregnant\\|; 152231000119106 \\|Pregnancy not yet confirmed\\|; 146799005 \\|Possible pregnancy\\|\n\nSNOMED CT® ECL definition:\\\n77386006 \\|Pregnant\\| OR 60001007 \\|Not pregnant\\| OR 152231000119106 \\|Pregnancy not yet confirmed\\| OR 146799005 \\|Possible pregnancy\\|","jurisdiction":[{"coding":[{"system":"http://unstats.un.org/unsd/methods/m49/m49.htm","code":"001","display":"World"}]}],"immutable":false,"copyright":"This value set includes content from SNOMED CT, which is copyright © 2002+ International Health Terminology Standards Development Organisation (IHTSDO), and distributed by agreement between IHTSDO and HL7. Implementer use of SNOMED CT is not covered by this agreement","compose":{"include":[{"system":"http://snomed.info/sct","concept":[{"code":"77386006","display":"Pregnant"},{"code":"60001007","display":"Not pregnant"},{"code":"152231000119106","display":"Pregnancy not yet confirmed"},{"code":"146799005","display":"Possible pregnancy"}]}]}}