{"resourceType":"ValueSet","id":"healthcare-professional-roles-uv-ips","meta":{"profile":["http://hl7.org/fhir/StructureDefinition/shareablevalueset"]},"text":{"status":"generated","div":"<div xmlns=\"http://www.w3.org/1999/xhtml\"><p class=\"res-header-id\"><b>Generated Narrative: ValueSet healthcare-professional-roles-uv-ips</b></p><a name=\"healthcare-professional-roles-uv-ips\"> </a><a name=\"hchealthcare-professional-roles-uv-ips\"> </a><a name=\"healthcare-professional-roles-uv-ips-en-US\"> </a><ul><li>Include all codes defined in <code>urn:oid:2.16.840.1.113883.2.9.6.2.7</code></li></ul></div>"},"extension":[{"url":"http://hl7.org/fhir/StructureDefinition/structuredefinition-wg","valueCode":"pc"},{"url":"http://hl7.org/fhir/StructureDefinition/structuredefinition-fmm","valueInteger":2,"_valueInteger":{"extension":[{"url":"http://hl7.org/fhir/StructureDefinition/structuredefinition-conformance-derivedFrom","valueCanonical":"http://hl7.org/fhir/uv/ips/ImplementationGuide/hl7.fhir.uv.ips"}]}},{"url":"http://hl7.org/fhir/StructureDefinition/structuredefinition-standards-status","valueCode":"trial-use","_valueCode":{"extension":[{"url":"http://hl7.org/fhir/StructureDefinition/structuredefinition-conformance-derivedFrom","valueCanonical":"http://hl7.org/fhir/uv/ips/ImplementationGuide/hl7.fhir.uv.ips"}]}}],"url":"http://hl7.org/fhir/uv/ips/ValueSet/healthcare-professional-roles-uv-ips","identifier":[{"use":"official","system":"http://art-decor.org/ns/oids/vs","value":"2.16.840.1.113883.11.22.53"}],"version":"2.0.0-ballot","name":"HealthcareProfessionalRolesUvIps","title":"Healthcare Professional Roles - IPS","status":"active","experimental":false,"date":"2024-08-14T14:11:06+00:00","publisher":"HL7 International / Patient Care","contact":[{"name":"HL7 International / Patient Care","telecom":[{"system":"url","value":"http://www.hl7.org/Special/committees/patientcare"}]}],"description":"IPS Healthcare Professional Roles","jurisdiction":[{"coding":[{"system":"http://unstats.un.org/unsd/methods/m49/m49.htm","code":"001","display":"World"}]}],"immutable":false,"copyright":"This artifact includes content from International Standard Classification of Occupations (ISCO). ISCO is copyright International Labour Organization (ILO). Terms & Conditions in http://www.ilo.org/global/copyright/lang--en/index.htm","compose":{"include":[{"system":"urn:oid:2.16.840.1.113883.2.9.6.2.7"}]}}