{"resourceType":"ValueSet","id":"pregnancies-summary-uv-ips","meta":{"profile":["http://hl7.org/fhir/StructureDefinition/shareablevalueset"]},"text":{"status":"generated","div":"<div xmlns=\"http://www.w3.org/1999/xhtml\"><p class=\"res-header-id\"><b>Generated Narrative: ValueSet pregnancies-summary-uv-ips</b></p><a name=\"pregnancies-summary-uv-ips\"> </a><a name=\"hcpregnancies-summary-uv-ips\"> </a><a name=\"pregnancies-summary-uv-ips-en-US\"> </a><ul><li>Include these codes as defined in <a href=\"http://loinc.org\"><code>http://loinc.org</code></a><table class=\"none\"><tr><td style=\"white-space:nowrap\"><b>Code</b></td><td><b>Display</b></td></tr><tr><td><a href=\"https://loinc.org/11636-8/\">11636-8</a></td><td>[#] Births.live</td></tr><tr><td><a href=\"https://loinc.org/11637-6/\">11637-6</a></td><td>[#] Births.preterm</td></tr><tr><td><a href=\"https://loinc.org/11638-4/\">11638-4</a></td><td>[#] Births.still living</td></tr><tr><td><a href=\"https://loinc.org/11639-2/\">11639-2</a></td><td>[#] Births.term</td></tr><tr><td><a href=\"https://loinc.org/11640-0/\">11640-0</a></td><td>[#] Births total</td></tr><tr><td><a href=\"https://loinc.org/11612-9/\">11612-9</a></td><td>[#] Abortions</td></tr><tr><td><a href=\"https://loinc.org/11613-7/\">11613-7</a></td><td>[#] Abortions.induced</td></tr><tr><td><a href=\"https://loinc.org/11614-5/\">11614-5</a></td><td>[#] Abortions.spontaneous</td></tr><tr><td><a href=\"https://loinc.org/33065-4/\">33065-4</a></td><td>[#] Ectopic pregnancy</td></tr></table></li></ul></div>"},"extension":[{"url":"http://hl7.org/fhir/StructureDefinition/structuredefinition-wg","valueCode":"pc"},{"url":"http://hl7.org/fhir/StructureDefinition/structuredefinition-fmm","valueInteger":2,"_valueInteger":{"extension":[{"url":"http://hl7.org/fhir/StructureDefinition/structuredefinition-conformance-derivedFrom","valueCanonical":"http://hl7.org/fhir/uv/ips/ImplementationGuide/hl7.fhir.uv.ips"}]}},{"url":"http://hl7.org/fhir/StructureDefinition/structuredefinition-standards-status","valueCode":"trial-use","_valueCode":{"extension":[{"url":"http://hl7.org/fhir/StructureDefinition/structuredefinition-conformance-derivedFrom","valueCanonical":"http://hl7.org/fhir/uv/ips/ImplementationGuide/hl7.fhir.uv.ips"}]}}],"url":"http://hl7.org/fhir/uv/ips/ValueSet/pregnancies-summary-uv-ips","identifier":[{"use":"official","system":"http://art-decor.org/ns/oids/vs","value":"2.16.840.1.113883.11.22.21"}],"version":"2.0.0-ballot","name":"PregnanciesSummaryUvIps","title":"Pregnancies Summary - IPS","status":"active","experimental":false,"date":"2024-08-14T14:11:06+00:00","publisher":"HL7 International / Patient Care","contact":[{"name":"HL7 International / Patient Care","telecom":[{"system":"url","value":"http://www.hl7.org/Special/committees/patientcare"}]}],"description":"IPS Pregnancies Summary","jurisdiction":[{"coding":[{"system":"http://unstats.un.org/unsd/methods/m49/m49.htm","code":"001","display":"World"}]}],"immutable":false,"copyright":"This material contains content from LOINC (http://loinc.org). LOINC is copyright © 1995-2020, Regenstrief Institute, Inc. and the Logical Observation Identifiers Names and Codes (LOINC) Committee and is available at no cost under the license at http://loinc.org/license. LOINC® is a registered United States trademark of Regenstrief Institute, Inc","compose":{"include":[{"system":"http://loinc.org","concept":[{"code":"11636-8","display":"[#] Births.live"},{"code":"11637-6","display":"[#] Births.preterm"},{"code":"11638-4","display":"[#] Births.still living"},{"code":"11639-2","display":"[#] Births.term"},{"code":"11640-0","display":"[#] Births total"},{"code":"11612-9","display":"[#] Abortions"},{"code":"11613-7","display":"[#] Abortions.induced"},{"code":"11614-5","display":"[#] Abortions.spontaneous"},{"code":"33065-4","display":"[#] Ectopic pregnancy"}]}]}}