{
  "resourceType" : "AllergyIntolerance",
  "id" : "allergyintolerance-multiple-codings",
  "meta" : {
    "profile" : ["http://hl7.org/fhir/uv/ips/StructureDefinition/AllergyIntolerance-uv-ips"]
  },
  "text" : {
    "status" : "extensions",
    "div" : "<div xmlns=\"http://www.w3.org/1999/xhtml\"><p class=\"res-header-id\"><b>Generated Narrative: AllergyIntolerance allergyintolerance-multiple-codings</b></p><a name=\"allergyintolerance-multiple-codings\"> </a><a name=\"hcallergyintolerance-multiple-codings\"> </a><a name=\"allergyintolerance-multiple-codings-en-US\"> </a><p><b>clinicalStatus</b>: <span title=\"Codes:{http://terminology.hl7.org/CodeSystem/allergyintolerance-clinical active}\">Active</span></p><p><b>verificationStatus</b>: <span title=\"Codes:{http://terminology.hl7.org/CodeSystem/allergyintolerance-verification confirmed}\">Confirmed</span></p><p><b>code</b>: <span title=\"Codes:{http://snomed.info/sct 764146007}, {http://snomed.info/sct 91936005}, {http://www.nlm.nih.gov/research/umls/rxnorm 7984}, {http://www.whocc.no/atc N03AA02}\">Penicillin (substance)</span></p><p><b>patient</b>: <a href=\"Patient-66033.html\">Marie Lux-Brennard  Female, DoB: 1998-04-17 ( urn:oid:1.3.182.4.4#1998041799999)</a></p><p><b>onset</b>: Absent because : unknown</p></div>"
  },
  "clinicalStatus" : {
    "coding" : [{
      "system" : "http://terminology.hl7.org/CodeSystem/allergyintolerance-clinical",
      "code" : "active"
    }]
  },
  "verificationStatus" : {
    "coding" : [{
      "system" : "http://terminology.hl7.org/CodeSystem/allergyintolerance-verification",
      "code" : "confirmed"
    }]
  },
  "code" : {
    "coding" : [{
      "system" : "http://snomed.info/sct",
      "code" : "764146007",
      "display" : "Penicillin (substance)"
    },
    {
      "system" : "http://snomed.info/sct",
      "code" : "91936005",
      "display" : "Allergy to penicillin (finding)"
    },
    {
      "system" : "http://www.nlm.nih.gov/research/umls/rxnorm",
      "code" : "7984",
      "display" : "penicillin V"
    },
    {
      "system" : "http://www.whocc.no/atc",
      "code" : "N03AA02",
      "display" : "phenobarbital"
    }]
  },
  "patient" : {
    "reference" : "Patient/66033"
  },
  "_onsetDateTime" : {
    "extension" : [{
      "url" : "http://hl7.org/fhir/StructureDefinition/data-absent-reason",
      "valueCode" : "unknown"
    }]
  }
}