{
  "resourceType" : "Composition",
  "id" : "composition-minimal",
  "meta" : {
    "profile" : ["http://hl7.org/fhir/uv/ips/StructureDefinition/Composition-uv-ips"]
  },
  "text" : {
    "status" : "generated",
    "div" : "<div xmlns=\"http://www.w3.org/1999/xhtml\"><p class=\"res-header-id\"><b>Generated Narrative: Composition composition-minimal</b></p><a name=\"composition-minimal\"> </a><a name=\"hccomposition-minimal\"> </a><a name=\"composition-minimal-en-US\"> </a><p><b>status</b>: Final</p><p><b>type</b>: <span title=\"Codes:{http://loinc.org 60591-5}\">Patient summary Document</span></p><p><b>date</b>: 2020-12-11 14:30:00+0100</p><p><b>author</b>: <a href=\"Practitioner-eumfh-39-07.html\">Practitioner Mark Antonio </a></p><p><b>title</b>: Patient Summary as of December 11, 2020 14:30</p><p><b>confidentiality</b>: normal</p><blockquote><p><b>attester</b></p><p><b>mode</b>: Legal</p><p><b>time</b>: 2020-12-11 14:30:00+0100</p><p><b>party</b>: <a href=\"Practitioner-eumfh-39-07.html\">Practitioner Mark Antonio </a></p></blockquote><blockquote><p><b>attester</b></p><p><b>mode</b>: Legal</p><p><b>time</b>: 2020-12-11 14:30:00+0100</p><p><b>party</b>: <a href=\"Organization-simple-org.html\">Organization Best Diagnostic Department</a></p></blockquote><p><b>custodian</b>: <a href=\"Organization-simple-org.html\">Organization Best Diagnostic Department</a></p><h3>RelatesTos</h3><table class=\"grid\"><tr><td style=\"display: none\">-</td><td><b>Code</b></td><td><b>Target[x]</b></td></tr><tr><td style=\"display: none\">*</td><td>Appends</td><td><code>urn:oid:2.16.724.4.8.10.200.10</code>/20e12ce3-857f-49c0-b888-cb670597f191</td></tr></table><h3>Events</h3><table class=\"grid\"><tr><td style=\"display: none\">-</td><td><b>Code</b></td><td><b>Period</b></td></tr><tr><td style=\"display: none\">*</td><td><span title=\"Codes:{http://terminology.hl7.org/CodeSystem/v3-ActClass PCPR}\">care provision</span></td><td>?? --&gt; 2020-12-11 14:30:00+0100</td></tr></table></div>"
  },
  "status" : "final",
  "type" : {
    "coding" : [{
      "system" : "http://loinc.org",
      "code" : "60591-5",
      "display" : "Patient summary Document"
    }]
  },
  "subject" : {
    "reference" : "Patient/eumfh-39-07"
  },
  "date" : "2020-12-11T14:30:00+01:00",
  "author" : [{
    "reference" : "Practitioner/eumfh-39-07"
  }],
  "title" : "Patient Summary as of December 11, 2020 14:30",
  "confidentiality" : "N",
  "attester" : [{
    "mode" : "legal",
    "time" : "2020-12-11T14:30:00+01:00",
    "party" : {
      "reference" : "Practitioner/eumfh-39-07"
    }
  },
  {
    "mode" : "legal",
    "time" : "2020-12-11T14:30:00+01:00",
    "party" : {
      "reference" : "Organization/simple-org"
    }
  }],
  "custodian" : {
    "reference" : "Organization/simple-org"
  },
  "relatesTo" : [{
    "code" : "appends",
    "targetIdentifier" : {
      "system" : "urn:oid:2.16.724.4.8.10.200.10",
      "value" : "20e12ce3-857f-49c0-b888-cb670597f191"
    }
  }],
  "event" : [{
    "code" : [{
      "coding" : [{
        "system" : "http://terminology.hl7.org/CodeSystem/v3-ActClass",
        "code" : "PCPR"
      }]
    }],
    "period" : {
      "end" : "2020-12-11T14:30:00+01:00"
    }
  }],
  "section" : [{
    "title" : "Medication",
    "code" : {
      "coding" : [{
        "system" : "http://loinc.org",
        "code" : "10160-0",
        "display" : "History of Medication use Narrative"
      }]
    },
    "text" : {
      "status" : "generated",
      "div" : "<div xmlns=\"http://www.w3.org/1999/xhtml\"><ul><li><div><b>Medication Name</b>: Simvastatin 40 MG Disintegrating Oral Tablet</div><div><b>Code</b>: <span>C10AA01</span></div><div><b>Status</b>: <span>Active, started 2014</span></div><div>Instructions: Take 40 mg/day</div></li></ul></div>"
    },
    "entry" : [{
      "reference" : "MedicationStatement/eumfh-39-07-1"
    }]
  },
  {
    "title" : "Allergies and Intolerances",
    "code" : {
      "coding" : [{
        "system" : "http://loinc.org",
        "code" : "48765-2",
        "display" : "Allergies and adverse reactions Document"
      }]
    },
    "text" : {
      "status" : "generated",
      "div" : "<div xmlns=\"http://www.w3.org/1999/xhtml\"><ul><li><div><b>Allergy Name</b>: No known allergies</div><div><b>Verification Status</b>: Confirmed</div><div><b>Reaction</b>: <span>no information</span></div></li></ul></div>"
    },
    "entry" : [{
      "reference" : "AllergyIntolerance/eumfh-39-07-1"
    }]
  },
  {
    "title" : "Active Problems",
    "code" : {
      "coding" : [{
        "system" : "http://loinc.org",
        "code" : "11450-4",
        "display" : "Problem list - Reported"
      }]
    },
    "text" : {
      "status" : "generated",
      "div" : "<div xmlns=\"http://www.w3.org/1999/xhtml\"><ul><li><div><b>Condition Name</b>: Acute myocardial infarction of anterior wall</div><div><b>Code</b>: <span>54329005</span></div><div><b>Status</b>: <span>Active</span></div></li></ul></div>"
    },
    "entry" : [{
      "reference" : "Condition/eumfh-39-07-1"
    }]
  }]
}