{
  "resourceType" : "Device",
  "id" : "ips-example-imaging-1",
  "meta" : {
    "profile" : ["http://hl7.org/fhir/uv/ips/StructureDefinition/Device-observer-uv-ips"]
  },
  "text" : {
    "status" : "generated",
    "div" : "<div xmlns=\"http://www.w3.org/1999/xhtml\"><p class=\"res-header-id\"><b>Generated Narrative: Device ips-example-imaging-1</b></p><a name=\"ips-example-imaging-1\"> </a><a name=\"hcips-example-imaging-1\"> </a><a name=\"ips-example-imaging-1-en-US\"> </a><p><b>identifier</b>: <code>http://my.organization.example/devicesID</code>/12345</p><p><b>manufacturer</b>: Imaging Devices Manufacturer</p><h3>DeviceNames</h3><table class=\"grid\"><tr><td style=\"display: none\">-</td><td><b>Name</b></td><td><b>Type</b></td></tr><tr><td style=\"display: none\">*</td><td>H.I.A. BEGIN</td><td>Model name</td></tr></table><p><b>modelNumber</b>: 2.0.1</p></div>"
  },
  "identifier" : [{
    "system" : "http://my.organization.example/devicesID",
    "value" : "12345"
  }],
  "manufacturer" : "Imaging Devices Manufacturer",
  "deviceName" : [{
    "name" : "H.I.A. BEGIN",
    "type" : "model-name"
  }],
  "modelNumber" : "2.0.1"
}