{
  "resourceType" : "ImplementationGuide",
  "id" : "hl7.fhir.uv.ips",
  "text" : {
    "status" : "generated",
    "div" : "<div xmlns=\"http://www.w3.org/1999/xhtml\"><p class=\"res-header-id\"><b>Generated Narrative: ImplementationGuide hl7.fhir.uv.ips</b></p><a name=\"hl7.fhir.uv.ips\"> </a><a name=\"hchl7.fhir.uv.ips\"> </a><a name=\"hl7.fhir.uv.ips-en-US\"> </a><h2>InternationalPatientSummaryIG</h2><p>The official URL for this implementation guide is: </p><pre>http://hl7.org/fhir/uv/ips/ImplementationGuide/hl7.fhir.uv.ips</pre></div>"
  },
  "extension" : [{
    "url" : "http://hl7.org/fhir/StructureDefinition/structuredefinition-wg",
    "valueCode" : "pc"
  },
  {
    "url" : "http://hl7.org/fhir/StructureDefinition/structuredefinition-fmm",
    "valueInteger" : 2
  },
  {
    "url" : "http://hl7.org/fhir/StructureDefinition/structuredefinition-standards-status",
    "valueCode" : "trial-use"
  }],
  "url" : "http://hl7.org/fhir/uv/ips/ImplementationGuide/hl7.fhir.uv.ips",
  "version" : "2.0.0-ballot",
  "name" : "InternationalPatientSummaryIG",
  "title" : "International Patient Summary Implementation Guide",
  "status" : "active",
  "date" : "2024-08-14T14:11:06+00:00",
  "publisher" : "HL7 International / Patient Care",
  "contact" : [{
    "name" : "HL7 International / Patient Care",
    "telecom" : [{
      "system" : "url",
      "value" : "http://www.hl7.org/Special/committees/patientcare"
    }]
  }],
  "jurisdiction" : [{
    "coding" : [{
      "system" : "http://unstats.un.org/unsd/methods/m49/m49.htm",
      "code" : "001",
      "display" : "World"
    }]
  }],
  "packageId" : "hl7.fhir.uv.ips",
  "license" : "CC0-1.0",
  "fhirVersion" : ["4.0.1"],
  "dependsOn" : [{
    "id" : "hl7tx",
    "extension" : [{
      "url" : "http://hl7.org/fhir/tools/StructureDefinition/implementationguide-dependency-comment",
      "valueMarkdown" : "Automatically added as a dependency - all IGs depend on HL7 Terminology"
    }],
    "uri" : "http://terminology.hl7.org/ImplementationGuide/hl7.terminology",
    "packageId" : "hl7.terminology.r4",
    "version" : "6.0.2"
  },
  {
    "id" : "hl7ext",
    "extension" : [{
      "url" : "http://hl7.org/fhir/tools/StructureDefinition/implementationguide-dependency-comment",
      "valueMarkdown" : "Automatically added as a dependency - all IGs depend on the HL7 Extension Pack"
    }],
    "uri" : "http://hl7.org/fhir/extensions/ImplementationGuide/hl7.fhir.uv.extensions",
    "packageId" : "hl7.fhir.uv.extensions.r4",
    "version" : "5.1.0"
  }],
  "definition" : {
    "extension" : [{
      "extension" : [{
        "url" : "code",
        "valueString" : "copyrightyear"
      },
      {
        "url" : "value",
        "valueString" : "2020+"
      }],
      "url" : "http://hl7.org/fhir/tools/StructureDefinition/ig-parameter"
    },
    {
      "extension" : [{
        "url" : "code",
        "valueString" : "releaselabel"
      },
      {
        "url" : "value",
        "valueString" : "STU 2 Ballot"
      }],
      "url" : "http://hl7.org/fhir/tools/StructureDefinition/ig-parameter"
    },
    {
      "extension" : [{
        "url" : "code",
        "valueString" : "path-history"
      },
      {
        "url" : "value",
        "valueString" : "http://hl7.org/fhir/uv/ips/history.html"
      }],
      "url" : "http://hl7.org/fhir/tools/StructureDefinition/ig-parameter"
    },
    {
      "extension" : [{
        "url" : "code",
        "valueString" : "autoload-resources"
      },
      {
        "url" : "value",
        "valueString" : "true"
      }],
      "url" : "http://hl7.org/fhir/tools/StructureDefinition/ig-parameter"
    },
    {
      "extension" : [{
        "url" : "code",
        "valueString" : "path-liquid"
      },
      {
        "url" : "value",
        "valueString" : "template/liquid"
      }],
      "url" : "http://hl7.org/fhir/tools/StructureDefinition/ig-parameter"
    },
    {
      "extension" : [{
        "url" : "code",
        "valueString" : "path-liquid"
      },
      {
        "url" : "value",
        "valueString" : "input/liquid"
      }],
      "url" : "http://hl7.org/fhir/tools/StructureDefinition/ig-parameter"
    },
    {
      "extension" : [{
        "url" : "code",
        "valueString" : "path-qa"
      },
      {
        "url" : "value",
        "valueString" : "temp/qa"
      }],
      "url" : "http://hl7.org/fhir/tools/StructureDefinition/ig-parameter"
    },
    {
      "extension" : [{
        "url" : "code",
        "valueString" : "path-temp"
      },
      {
        "url" : "value",
        "valueString" : "temp/pages"
      }],
      "url" : "http://hl7.org/fhir/tools/StructureDefinition/ig-parameter"
    },
    {
      "extension" : [{
        "url" : "code",
        "valueString" : "path-output"
      },
      {
        "url" : "value",
        "valueString" : "output"
      }],
      "url" : "http://hl7.org/fhir/tools/StructureDefinition/ig-parameter"
    },
    {
      "extension" : [{
        "url" : "code",
        "valueString" : "path-suppressed-warnings"
      },
      {
        "url" : "value",
        "valueString" : "input/ignoreWarnings.txt"
      }],
      "url" : "http://hl7.org/fhir/tools/StructureDefinition/ig-parameter"
    },
    {
      "extension" : [{
        "url" : "code",
        "valueString" : "template-html"
      },
      {
        "url" : "value",
        "valueString" : "template-page.html"
      }],
      "url" : "http://hl7.org/fhir/tools/StructureDefinition/ig-parameter"
    },
    {
      "extension" : [{
        "url" : "code",
        "valueString" : "template-md"
      },
      {
        "url" : "value",
        "valueString" : "template-page-md.html"
      }],
      "url" : "http://hl7.org/fhir/tools/StructureDefinition/ig-parameter"
    },
    {
      "extension" : [{
        "url" : "code",
        "valueString" : "apply-contact"
      },
      {
        "url" : "value",
        "valueString" : "true"
      }],
      "url" : "http://hl7.org/fhir/tools/StructureDefinition/ig-parameter"
    },
    {
      "extension" : [{
        "url" : "code",
        "valueString" : "apply-context"
      },
      {
        "url" : "value",
        "valueString" : "true"
      }],
      "url" : "http://hl7.org/fhir/tools/StructureDefinition/ig-parameter"
    },
    {
      "extension" : [{
        "url" : "code",
        "valueString" : "apply-copyright"
      },
      {
        "url" : "value",
        "valueString" : "true"
      }],
      "url" : "http://hl7.org/fhir/tools/StructureDefinition/ig-parameter"
    },
    {
      "extension" : [{
        "url" : "code",
        "valueString" : "apply-jurisdiction"
      },
      {
        "url" : "value",
        "valueString" : "true"
      }],
      "url" : "http://hl7.org/fhir/tools/StructureDefinition/ig-parameter"
    },
    {
      "extension" : [{
        "url" : "code",
        "valueString" : "apply-license"
      },
      {
        "url" : "value",
        "valueString" : "true"
      }],
      "url" : "http://hl7.org/fhir/tools/StructureDefinition/ig-parameter"
    },
    {
      "extension" : [{
        "url" : "code",
        "valueString" : "apply-publisher"
      },
      {
        "url" : "value",
        "valueString" : "true"
      }],
      "url" : "http://hl7.org/fhir/tools/StructureDefinition/ig-parameter"
    },
    {
      "extension" : [{
        "url" : "code",
        "valueString" : "apply-version"
      },
      {
        "url" : "value",
        "valueString" : "true"
      }],
      "url" : "http://hl7.org/fhir/tools/StructureDefinition/ig-parameter"
    },
    {
      "extension" : [{
        "url" : "code",
        "valueString" : "apply-wg"
      },
      {
        "url" : "value",
        "valueString" : "true"
      }],
      "url" : "http://hl7.org/fhir/tools/StructureDefinition/ig-parameter"
    },
    {
      "extension" : [{
        "url" : "code",
        "valueString" : "active-tables"
      },
      {
        "url" : "value",
        "valueString" : "true"
      }],
      "url" : "http://hl7.org/fhir/tools/StructureDefinition/ig-parameter"
    },
    {
      "extension" : [{
        "url" : "code",
        "valueString" : "fmm-definition"
      },
      {
        "url" : "value",
        "valueString" : "http://hl7.org/fhir/versions.html#maturity"
      }],
      "url" : "http://hl7.org/fhir/tools/StructureDefinition/ig-parameter"
    },
    {
      "extension" : [{
        "url" : "code",
        "valueString" : "propagate-status"
      },
      {
        "url" : "value",
        "valueString" : "true"
      }],
      "url" : "http://hl7.org/fhir/tools/StructureDefinition/ig-parameter"
    },
    {
      "extension" : [{
        "url" : "code",
        "valueString" : "excludelogbinaryformat"
      },
      {
        "url" : "value",
        "valueString" : "true"
      }],
      "url" : "http://hl7.org/fhir/tools/StructureDefinition/ig-parameter"
    },
    {
      "extension" : [{
        "url" : "code",
        "valueString" : "tabbed-snapshots"
      },
      {
        "url" : "value",
        "valueString" : "true"
      }],
      "url" : "http://hl7.org/fhir/tools/StructureDefinition/ig-parameter"
    },
    {
      "url" : "http://hl7.org/fhir/tools/StructureDefinition/ig-internal-dependency",
      "valueCode" : "hl7.fhir.uv.tools#0.1.0"
    },
    {
      "extension" : [{
        "url" : "code",
        "valueCode" : "copyrightyear"
      },
      {
        "url" : "value",
        "valueString" : "2020+"
      }],
      "url" : "http://hl7.org/fhir/tools/StructureDefinition/ig-parameter"
    },
    {
      "extension" : [{
        "url" : "code",
        "valueCode" : "releaselabel"
      },
      {
        "url" : "value",
        "valueString" : "STU 2 Ballot"
      }],
      "url" : "http://hl7.org/fhir/tools/StructureDefinition/ig-parameter"
    },
    {
      "extension" : [{
        "url" : "code",
        "valueCode" : "path-history"
      },
      {
        "url" : "value",
        "valueString" : "http://hl7.org/fhir/uv/ips/history.html"
      }],
      "url" : "http://hl7.org/fhir/tools/StructureDefinition/ig-parameter"
    },
    {
      "extension" : [{
        "url" : "code",
        "valueCode" : "autoload-resources"
      },
      {
        "url" : "value",
        "valueString" : "true"
      }],
      "url" : "http://hl7.org/fhir/tools/StructureDefinition/ig-parameter"
    },
    {
      "extension" : [{
        "url" : "code",
        "valueCode" : "path-liquid"
      },
      {
        "url" : "value",
        "valueString" : "template/liquid"
      }],
      "url" : "http://hl7.org/fhir/tools/StructureDefinition/ig-parameter"
    },
    {
      "extension" : [{
        "url" : "code",
        "valueCode" : "path-liquid"
      },
      {
        "url" : "value",
        "valueString" : "input/liquid"
      }],
      "url" : "http://hl7.org/fhir/tools/StructureDefinition/ig-parameter"
    },
    {
      "extension" : [{
        "url" : "code",
        "valueCode" : "path-qa"
      },
      {
        "url" : "value",
        "valueString" : "temp/qa"
      }],
      "url" : "http://hl7.org/fhir/tools/StructureDefinition/ig-parameter"
    },
    {
      "extension" : [{
        "url" : "code",
        "valueCode" : "path-temp"
      },
      {
        "url" : "value",
        "valueString" : "temp/pages"
      }],
      "url" : "http://hl7.org/fhir/tools/StructureDefinition/ig-parameter"
    },
    {
      "extension" : [{
        "url" : "code",
        "valueCode" : "path-output"
      },
      {
        "url" : "value",
        "valueString" : "output"
      }],
      "url" : "http://hl7.org/fhir/tools/StructureDefinition/ig-parameter"
    },
    {
      "extension" : [{
        "url" : "code",
        "valueCode" : "path-suppressed-warnings"
      },
      {
        "url" : "value",
        "valueString" : "input/ignoreWarnings.txt"
      }],
      "url" : "http://hl7.org/fhir/tools/StructureDefinition/ig-parameter"
    },
    {
      "extension" : [{
        "url" : "code",
        "valueCode" : "template-html"
      },
      {
        "url" : "value",
        "valueString" : "template-page.html"
      }],
      "url" : "http://hl7.org/fhir/tools/StructureDefinition/ig-parameter"
    },
    {
      "extension" : [{
        "url" : "code",
        "valueCode" : "template-md"
      },
      {
        "url" : "value",
        "valueString" : "template-page-md.html"
      }],
      "url" : "http://hl7.org/fhir/tools/StructureDefinition/ig-parameter"
    },
    {
      "extension" : [{
        "url" : "code",
        "valueCode" : "apply-contact"
      },
      {
        "url" : "value",
        "valueString" : "true"
      }],
      "url" : "http://hl7.org/fhir/tools/StructureDefinition/ig-parameter"
    },
    {
      "extension" : [{
        "url" : "code",
        "valueCode" : "apply-context"
      },
      {
        "url" : "value",
        "valueString" : "true"
      }],
      "url" : "http://hl7.org/fhir/tools/StructureDefinition/ig-parameter"
    },
    {
      "extension" : [{
        "url" : "code",
        "valueCode" : "apply-copyright"
      },
      {
        "url" : "value",
        "valueString" : "true"
      }],
      "url" : "http://hl7.org/fhir/tools/StructureDefinition/ig-parameter"
    },
    {
      "extension" : [{
        "url" : "code",
        "valueCode" : "apply-jurisdiction"
      },
      {
        "url" : "value",
        "valueString" : "true"
      }],
      "url" : "http://hl7.org/fhir/tools/StructureDefinition/ig-parameter"
    },
    {
      "extension" : [{
        "url" : "code",
        "valueCode" : "apply-license"
      },
      {
        "url" : "value",
        "valueString" : "true"
      }],
      "url" : "http://hl7.org/fhir/tools/StructureDefinition/ig-parameter"
    },
    {
      "extension" : [{
        "url" : "code",
        "valueCode" : "apply-publisher"
      },
      {
        "url" : "value",
        "valueString" : "true"
      }],
      "url" : "http://hl7.org/fhir/tools/StructureDefinition/ig-parameter"
    },
    {
      "extension" : [{
        "url" : "code",
        "valueCode" : "apply-version"
      },
      {
        "url" : "value",
        "valueString" : "true"
      }],
      "url" : "http://hl7.org/fhir/tools/StructureDefinition/ig-parameter"
    },
    {
      "extension" : [{
        "url" : "code",
        "valueCode" : "apply-wg"
      },
      {
        "url" : "value",
        "valueString" : "true"
      }],
      "url" : "http://hl7.org/fhir/tools/StructureDefinition/ig-parameter"
    },
    {
      "extension" : [{
        "url" : "code",
        "valueCode" : "active-tables"
      },
      {
        "url" : "value",
        "valueString" : "true"
      }],
      "url" : "http://hl7.org/fhir/tools/StructureDefinition/ig-parameter"
    },
    {
      "extension" : [{
        "url" : "code",
        "valueCode" : "fmm-definition"
      },
      {
        "url" : "value",
        "valueString" : "http://hl7.org/fhir/versions.html#maturity"
      }],
      "url" : "http://hl7.org/fhir/tools/StructureDefinition/ig-parameter"
    },
    {
      "extension" : [{
        "url" : "code",
        "valueCode" : "propagate-status"
      },
      {
        "url" : "value",
        "valueString" : "true"
      }],
      "url" : "http://hl7.org/fhir/tools/StructureDefinition/ig-parameter"
    },
    {
      "extension" : [{
        "url" : "code",
        "valueCode" : "excludelogbinaryformat"
      },
      {
        "url" : "value",
        "valueString" : "true"
      }],
      "url" : "http://hl7.org/fhir/tools/StructureDefinition/ig-parameter"
    },
    {
      "extension" : [{
        "url" : "code",
        "valueCode" : "tabbed-snapshots"
      },
      {
        "url" : "value",
        "valueString" : "true"
      }],
      "url" : "http://hl7.org/fhir/tools/StructureDefinition/ig-parameter"
    }],
    "resource" : [{
      "extension" : [{
        "url" : "http://hl7.org/fhir/tools/StructureDefinition/resource-information",
        "valueString" : "Flag"
      }],
      "reference" : {
        "reference" : "Flag/546482"
      },
      "name" : "Alert IPS Flag Example",
      "description" : "Alert IPS Flag Illustrative Example with Recommended Fields",
      "exampleBoolean" : true
    },
    {
      "extension" : [{
        "url" : "http://hl7.org/fhir/tools/StructureDefinition/resource-information",
        "valueString" : "StructureDefinition:resource"
      }],
      "reference" : {
        "reference" : "StructureDefinition/AllergyIntolerance-uv-ips"
      },
      "name" : "Allergy Intolerance (IPS)",
      "description" : "This profile represents the constraints applied to the AllergyIntolerance resource by the International Patient Summary (IPS) FHIR Implementation Guide. A record of an allergy or intolerance is represented in the patient summary as an instance of an AllergyIntolerance resource constrained by this profile.\n\nIt documents the relevant allergies or intolerances (conditions) for a patient, describing the kind of reaction (e.g. rash, anaphylaxis,..); preferably the agents that cause it; and optionally the criticality and the certainty of the allergy.",
      "exampleBoolean" : false
    },
    {
      "extension" : [{
        "url" : "http://hl7.org/fhir/tools/StructureDefinition/resource-information",
        "valueString" : "ValueSet"
      }],
      "reference" : {
        "reference" : "ValueSet/allergy-intolerance-uv-ips"
      },
      "name" : "Allergy Intolerance - IPS",
      "description" : "IPS Allergy intolerance codes value set. This value set includes codes from SNOMED CT®: all descendants of 373873005 \\|Pharmaceutical / biologic product (product)\\|; all descendants of 105590001 \\|Substance (substance)\\|; all descendants of 420134006 \\|Propensity to adverse reaction (finding)\\|; all descendants or self of 716186003 \\|No known allergy (situation)\\|\n\nSNOMED CT® ECL definition:\\\n< 373873005 \\|Pharmaceutical / biologic product (product)\\| OR < 105590001 \\|Substance (substance)\\| OR < 420134006 \\|Propensity to adverse reaction (finding)\\| OR \\<\\< 716186003 \\|No known allergy (situation)\\|",
      "exampleBoolean" : false
    },
    {
      "extension" : [{
        "url" : "http://hl7.org/fhir/tools/StructureDefinition/resource-information",
        "valueString" : "ValueSet"
      }],
      "reference" : {
        "reference" : "ValueSet/allergy-reaction-uv-ips"
      },
      "name" : "Allergy Reaction - IPS",
      "description" : "IPS allergy reaction value set. This value set includes a set of SNOMED CT codes  and descendants (all top level codes are included in the SNOMED CT IPS Terminology) that may be used to represent allergy or intolerance reactions.\n\nSNOMED CT® ECL definition:\\\n\\<\\< 4386001 |Bronchospasm (finding)| OR \\<\\< 9826008 |Conjunctivitis (disorder)| OR \\<\\< 23924001 |Tight chest (finding)| OR \\<\\< 24079001 |Atopic dermatitis (disorder)| OR \\<\\< 31996006 |Vasculitis (disorder)| OR \\<\\< 39579001 |Anaphylaxis (disorder)| OR \\<\\< 41291007 |Angioedema (disorder)| OR \\<\\< 43116000 |Eczema (disorder)| OR \\<\\< 49727002 |Cough (finding)| OR \\<\\< 51599000 |Edema of larynx (disorder)| OR \\<\\< 62315008 |Diarrhea (finding)| OR \\<\\< 70076002 |Rhinitis (disorder)| OR \\<\\< 73442001 |Stevens-Johnson syndrome (disorder)| OR \\<\\< 76067001 |Sneezing (finding)| OR \\<\\< 91175000 |Seizure (finding)| OR \\<\\< 126485001 |Urticaria (disorder)| OR \\<\\< 162290004 |Dry eyes (finding)| OR \\<\\< 195967001 |Asthma (disorder)| OR \\<\\< 247472004 |Weal (disorder)| OR \\<\\< 267036007 |Dyspnea (finding)| OR \\<\\< 271757001 |Papular eruption (disorder)| OR \\<\\< 271759003 |Bullous eruption (disorder)| OR \\<\\< 271807003 |Eruption of skin (disorder)| OR \\<\\< 410430005 |Cardiorespiratory arrest (disorder)| OR \\<\\< 418363000 |Itching of skin (finding)| OR \\<\\< 422400008 |Vomiting (disorder)| OR \\<\\< 422587007 |Nausea (finding)| OR \\<\\< 698247007 |Cardiac arrhythmia (disorder)| OR \\<\\< 702809001 |Drug reaction with eosinophilia and systemic symptoms (disorder)| OR \\<\\< 768962006 |Lyell syndrome (disorder)| OR \\<\\< 781682005 |Hyperemia of eye (finding)|",
      "exampleBoolean" : false
    },
    {
      "extension" : [{
        "url" : "http://hl7.org/fhir/tools/StructureDefinition/resource-information",
        "valueString" : "AllergyIntolerance"
      }],
      "reference" : {
        "reference" : "AllergyIntolerance/allergyintolerance-multiple-codings"
      },
      "name" : "AllergyIntolerance: multiple codings",
      "description" : "AllergyIntolerance: multiple codings",
      "exampleCanonical" : "http://hl7.org/fhir/uv/ips/StructureDefinition/AllergyIntolerance-uv-ips"
    },
    {
      "extension" : [{
        "url" : "http://hl7.org/fhir/tools/StructureDefinition/resource-information",
        "valueString" : "AllergyIntolerance"
      }],
      "reference" : {
        "reference" : "AllergyIntolerance/eumfh-39-07-1"
      },
      "name" : "AllergyIntolerance: No known allergies",
      "description" : "AllergyIntolerance: No known allergies",
      "exampleCanonical" : "http://hl7.org/fhir/uv/ips/StructureDefinition/AllergyIntolerance-uv-ips"
    },
    {
      "extension" : [{
        "url" : "http://hl7.org/fhir/tools/StructureDefinition/resource-information",
        "valueString" : "AllergyIntolerance"
      }],
      "reference" : {
        "reference" : "AllergyIntolerance/allergyintolerance-with-abatement"
      },
      "name" : "AllergyIntolerance: resolved allergy",
      "description" : "AllergyIntolerance: resolved allergy",
      "exampleCanonical" : "http://hl7.org/fhir/uv/ips/StructureDefinition/AllergyIntolerance-uv-ips"
    },
    {
      "extension" : [{
        "url" : "http://hl7.org/fhir/tools/StructureDefinition/resource-information",
        "valueString" : "ValueSet"
      }],
      "reference" : {
        "reference" : "ValueSet/body-site-uv-ips"
      },
      "name" : "Body Site - IPS",
      "description" : "IPS body site value set. This value set includes a set of codes from SNOMED CT that may be used to represent body sites (e.g., for laboratory specimen collection). This value set includes codes from SNOMED CT®: all descendants of 442083009 \\|Anatomical or acquired body structure (body structure)\\|\n\nSNOMED CT® ECL definition:\\\n< 442083009 \\|Anatomical or acquired body structure (body structure)\\|",
      "exampleBoolean" : false
    },
    {
      "extension" : [{
        "url" : "http://hl7.org/fhir/tools/StructureDefinition/resource-information",
        "valueString" : "StructureDefinition:resource"
      }],
      "reference" : {
        "reference" : "StructureDefinition/Bundle-uv-ips"
      },
      "name" : "Bundle - IPS",
      "description" : "This profile represents the constraints applied to the Bundle resource by the International Patient Summary (IPS) FHIR Implementation Guide.",
      "exampleBoolean" : false
    },
    {
      "extension" : [{
        "url" : "http://hl7.org/fhir/tools/StructureDefinition/resource-information",
        "valueString" : "StructureDefinition:complex-type"
      }],
      "reference" : {
        "reference" : "StructureDefinition/CodeableConcept-uv-ips"
      },
      "name" : "Codeable Concept (IPS)",
      "description" : "This profile represents the constraint applied to the CodeableConcept data type by the International Patient Summary (IPS) FHIR Implementation Guide to use the Coding-uv-ips data type profile.",
      "exampleBoolean" : false
    },
    {
      "extension" : [{
        "url" : "http://hl7.org/fhir/tools/StructureDefinition/resource-information",
        "valueString" : "StructureDefinition:complex-type"
      }],
      "reference" : {
        "reference" : "StructureDefinition/Coding-uv-ips"
      },
      "name" : "Coding with translations",
      "description" : "This profile extends the capabilities of the coding data type to support multi-language designations (display).\nIt relies on the Translation extension.",
      "exampleBoolean" : false
    },
    {
      "extension" : [{
        "url" : "http://hl7.org/fhir/tools/StructureDefinition/resource-information",
        "valueString" : "StructureDefinition:resource"
      }],
      "reference" : {
        "reference" : "StructureDefinition/Composition-uv-ips"
      },
      "name" : "Composition (IPS)",
      "description" : "Clinical document used to represent the International Patient Summary (IPS) data set. \nAn International Patient Summary (IPS) document is an electronic health record extract containing essential healthcare information about a subject of care. \nThe IPS dataset is minimal and non-exhaustive; specialty-agnostic and condition-independent; but still clinically relevant. As specified in EN 17269 and ISO 27269, it is designed for supporting the use case scenario for ‘unplanned, cross border care’, but it is not limited to it. It is intended to be international, i.e., to provide generic solutions for global application beyond a particular region or country.",
      "exampleBoolean" : false
    },
    {
      "extension" : [{
        "url" : "http://hl7.org/fhir/tools/StructureDefinition/resource-information",
        "valueString" : "StructureDefinition:resource"
      }],
      "reference" : {
        "reference" : "StructureDefinition/Condition-uv-ips"
      },
      "name" : "Condition (IPS)",
      "description" : "This profile represents the constraints applied to the Condition resource by the International Patient Summary (IPS) FHIR Implementation Guide. A record of a problem is represented in the patient summary as an instance of the Condition resource constrained by this profile.",
      "exampleBoolean" : false
    },
    {
      "extension" : [{
        "url" : "http://hl7.org/fhir/tools/StructureDefinition/resource-information",
        "valueString" : "Condition"
      }],
      "reference" : {
        "reference" : "Condition/eumfh-39-07-1"
      },
      "name" : "Condition: Acute myeloid leukemia",
      "description" : "Condition: Acute myeloid leukemia",
      "exampleCanonical" : "http://hl7.org/fhir/uv/ips/StructureDefinition/Condition-uv-ips"
    },
    {
      "extension" : [{
        "url" : "http://hl7.org/fhir/tools/StructureDefinition/resource-information",
        "valueString" : "ValueSet"
      }],
      "reference" : {
        "reference" : "ValueSet/current-smoking-status-uv-ips"
      },
      "name" : "Current Smoking Status - IPS",
      "description" : "HL7 IPS SNOMED value set for smoking status.  This value set includes a set of specific SNOMED CT codes (no subtypes included) that may be used to represent smoking status.\n\nSNOMED CT® ECL definition:\\\n449868002 |Smokes tobacco daily (finding)| OR 428041000124106 |Occasional tobacco smoker (finding)| OR 8517006 |Ex-smoker (finding)| OR 266919005 |Never smoked tobacco (finding)| OR 77176002 |Smoker (finding)| OR 266927001 |Tobacco smoking consumption unknown (finding)| OR 230063004 |Heavy cigarette smoker (finding)| OR 230060001 |Light cigarette smoker (finding)|",
      "exampleBoolean" : false
    },
    {
      "extension" : [{
        "url" : "http://hl7.org/fhir/tools/StructureDefinition/resource-information",
        "valueString" : "StructureDefinition:resource"
      }],
      "reference" : {
        "reference" : "StructureDefinition/Device-uv-ips"
      },
      "name" : "Device (IPS)",
      "description" : "This profile represents the constraints applied to the Device resource by the International Patient Summary (IPS) FHIR Implementation Guide, based on FHIR R4. A device used by or implanted on the patient is described in the patient summary as an instance of a Device resource constrained by this profile.",
      "exampleBoolean" : false
    },
    {
      "extension" : [{
        "url" : "http://hl7.org/fhir/tools/StructureDefinition/resource-information",
        "valueString" : "StructureDefinition:resource"
      }],
      "reference" : {
        "reference" : "StructureDefinition/Device-observer-uv-ips"
      },
      "name" : "Device - performer, observer",
      "description" : "This profile represents the constraints applied to the Device resource by the IPS project, which specifies an international patient summary based on the FHIR standard R4.;\n\nThis profile describes a device that plays the role of observer or performer.",
      "exampleBoolean" : false
    },
    {
      "extension" : [{
        "url" : "http://hl7.org/fhir/tools/StructureDefinition/resource-information",
        "valueString" : "StructureDefinition:resource"
      }],
      "reference" : {
        "reference" : "StructureDefinition/DeviceUseStatement-uv-ips"
      },
      "name" : "Device Use Statement (IPS)",
      "description" : "This profile represents the constraints applied to the DeviceUseStatement resource by the International Patient Summary (IPS) FHIR Implementation Guide, based on FHIR R4. A statement about a device used by or implanted on the patient is described in the patient summary as an instance of a DeviceUseStatement resource constrained by this profile.",
      "exampleBoolean" : false
    },
    {
      "extension" : [{
        "url" : "http://hl7.org/fhir/tools/StructureDefinition/resource-information",
        "valueString" : "Device"
      }],
      "reference" : {
        "reference" : "Device/ips-example-imaging-1"
      },
      "name" : "Device: device observer example",
      "description" : "Device: device observer example",
      "exampleCanonical" : "http://hl7.org/fhir/uv/ips/StructureDefinition/Device-observer-uv-ips"
    },
    {
      "extension" : [{
        "url" : "http://hl7.org/fhir/tools/StructureDefinition/resource-information",
        "valueString" : "Device"
      }],
      "reference" : {
        "reference" : "Device/eumfh-70-275-1"
      },
      "name" : "Device: No known devices in use",
      "description" : "Device: No known devices in use",
      "exampleCanonical" : "http://hl7.org/fhir/uv/ips/StructureDefinition/Device-uv-ips"
    },
    {
      "extension" : [{
        "url" : "http://hl7.org/fhir/tools/StructureDefinition/resource-information",
        "valueString" : "DeviceUseStatement"
      }],
      "reference" : {
        "reference" : "DeviceUseStatement/eumfh-70-275-1"
      },
      "name" : "DeviceUseStatement: No known devices in use",
      "description" : "DeviceUseStatement: No known devices in use",
      "exampleCanonical" : "http://hl7.org/fhir/uv/ips/StructureDefinition/DeviceUseStatement-uv-ips"
    },
    {
      "extension" : [{
        "url" : "http://hl7.org/fhir/tools/StructureDefinition/resource-information",
        "valueString" : "StructureDefinition:resource"
      }],
      "reference" : {
        "reference" : "StructureDefinition/DiagnosticReport-uv-ips"
      },
      "name" : "DiagnosticReport (IPS)",
      "description" : "This profile constrains the DiagnosticReport resource to represent diagnostic test and procedure reports in a patient summary.",
      "exampleBoolean" : false
    },
    {
      "extension" : [{
        "url" : "http://hl7.org/fhir/tools/StructureDefinition/resource-information",
        "valueString" : "DiagnosticReport"
      }],
      "reference" : {
        "reference" : "DiagnosticReport/hemoglobin"
      },
      "name" : "DiagnosticReport: hemoglobin example",
      "description" : "DiagnosticReport: hemoglobin example",
      "exampleCanonical" : "http://hl7.org/fhir/uv/ips/StructureDefinition/DiagnosticReport-uv-ips"
    },
    {
      "extension" : [{
        "url" : "http://hl7.org/fhir/tools/StructureDefinition/resource-information",
        "valueString" : "StructureDefinition:resource"
      }],
      "reference" : {
        "reference" : "StructureDefinition/Flag-alert-uv-ips"
      },
      "name" : "Flag - Alert (IPS)",
      "description" : "This profile constrains the Flag resource by the International Patient Summary (IPS) FHIR Implementation Guide. A record of an alert is represented in the patient summary as an instance of a Flag resource constrained by this profile. \n\nThis specialized Flag is used to convey information about an alert specific to an IPS. Information is flagged to raise awareness of potential concerns and/or dangers to/from the subject of the IPS. It brings information to the fore and may reference other information from the summary (through the supportingInfo extension) as well as present obstacles to care.",
      "exampleBoolean" : false
    },
    {
      "extension" : [{
        "url" : "http://hl7.org/fhir/tools/StructureDefinition/resource-information",
        "valueString" : "ValueSet"
      }],
      "reference" : {
        "reference" : "ValueSet/healthcare-professional-roles-uv-ips"
      },
      "name" : "Healthcare Professional Roles - IPS",
      "description" : "IPS Healthcare Professional Roles",
      "exampleBoolean" : false
    },
    {
      "extension" : [{
        "url" : "http://hl7.org/fhir/tools/StructureDefinition/resource-information",
        "valueString" : "StructureDefinition:resource"
      }],
      "reference" : {
        "reference" : "StructureDefinition/ImagingStudy-uv-ips"
      },
      "name" : "Imaging Study (IPS)",
      "description" : "This profile represents the constraints applied to the ImagingStudy resource by the IPS project, which specifies the information on a DICOM imaging study this imaging result is part of.",
      "exampleBoolean" : false
    },
    {
      "extension" : [{
        "url" : "http://hl7.org/fhir/tools/StructureDefinition/resource-information",
        "valueString" : "ImagingStudy"
      }],
      "reference" : {
        "reference" : "ImagingStudy/TII-ImagingStudy-5-1"
      },
      "name" : "ImagingStudy: referred DICOM study",
      "description" : "ImagingStudy: referred DICOM study",
      "exampleCanonical" : "http://hl7.org/fhir/uv/ips/StructureDefinition/ImagingStudy-uv-ips"
    },
    {
      "extension" : [{
        "url" : "http://hl7.org/fhir/tools/StructureDefinition/resource-information",
        "valueString" : "StructureDefinition:resource"
      }],
      "reference" : {
        "reference" : "StructureDefinition/Immunization-uv-ips"
      },
      "name" : "Immunization (IPS)",
      "description" : "This profile represents the constraints applied to the Immunization resource by the International Patient Summary (IPS) FHIR Implementation Guide. A record of an immunization is represented in the patient summary as an instance of an Immunization resource constrained by this profile.\n\nIt describes the event of a patient being administered a vaccination or a record of a vaccination as reported by a patient, a clinician or another party.",
      "exampleBoolean" : false
    },
    {
      "extension" : [{
        "url" : "http://hl7.org/fhir/tools/StructureDefinition/resource-information",
        "valueString" : "Immunization"
      }],
      "reference" : {
        "reference" : "Immunization/75680"
      },
      "name" : "Immunization: Vaccin anti diphtérie-coqueluche-tétanos-poliomyélite (Luxembourg)",
      "description" : "Immunization: Vaccin anti diphtérie-coqueluche-tétanos-poliomyélite (Luxembourg)",
      "exampleCanonical" : "http://hl7.org/fhir/uv/ips/StructureDefinition/Immunization-uv-ips"
    },
    {
      "extension" : [{
        "url" : "http://hl7.org/fhir/tools/StructureDefinition/resource-information",
        "valueString" : "Bundle"
      }],
      "reference" : {
        "reference" : "Bundle/IPS-examples-Bundle-01"
      },
      "name" : "IPS Bundle example",
      "description" : "IPS Bundle example",
      "exampleCanonical" : "http://hl7.org/fhir/uv/ips/StructureDefinition/Bundle-uv-ips"
    },
    {
      "extension" : [{
        "url" : "http://hl7.org/fhir/tools/StructureDefinition/resource-information",
        "valueString" : "Bundle"
      }],
      "reference" : {
        "reference" : "Bundle/bundle-minimal"
      },
      "name" : "IPS Bundle example - minimal",
      "description" : "IPS Bundle example - minimal",
      "exampleCanonical" : "http://hl7.org/fhir/uv/ips/StructureDefinition/Bundle-uv-ips"
    },
    {
      "extension" : [{
        "url" : "http://hl7.org/fhir/tools/StructureDefinition/resource-information",
        "valueString" : "Bundle"
      }],
      "reference" : {
        "reference" : "Bundle/bundle-no-info-required-sections"
      },
      "name" : "IPS Bundle example - no information in required sections",
      "description" : "IPS Bundle example - no information in required sections",
      "exampleCanonical" : "http://hl7.org/fhir/uv/ips/StructureDefinition/Bundle-uv-ips"
    },
    {
      "extension" : [{
        "url" : "http://hl7.org/fhir/tools/StructureDefinition/resource-information",
        "valueString" : "Bundle"
      }],
      "reference" : {
        "reference" : "Bundle/IPS-examples-Bundle-with-immunization"
      },
      "name" : "IPS Bundle example with Immunization",
      "description" : "IPS Bundle example with Immunization section",
      "exampleCanonical" : "http://hl7.org/fhir/uv/ips/StructureDefinition/Bundle-uv-ips"
    },
    {
      "extension" : [{
        "url" : "http://hl7.org/fhir/tools/StructureDefinition/resource-information",
        "valueString" : "Composition"
      }],
      "reference" : {
        "reference" : "Composition/composition-minimal"
      },
      "name" : "IPS Composition example - minimal",
      "description" : "IPS Composition example - minimal",
      "exampleCanonical" : "http://hl7.org/fhir/uv/ips/StructureDefinition/Composition-uv-ips"
    },
    {
      "extension" : [{
        "url" : "http://hl7.org/fhir/tools/StructureDefinition/resource-information",
        "valueString" : "CapabilityStatement"
      }],
      "reference" : {
        "reference" : "CapabilityStatement/ips-server"
      },
      "name" : "IPS Server Capability Statement",
      "description" : "This section describes the expected capabilities of the IPS Server actor which is responsible for providing responses to the queries submitted for IPS documents. The list of FHIR profiles and operations supported by IPS Servers are defined.",
      "exampleBoolean" : false
    },
    {
      "extension" : [{
        "url" : "http://hl7.org/fhir/tools/StructureDefinition/resource-information",
        "valueString" : "OperationDefinition"
      }],
      "reference" : {
        "reference" : "OperationDefinition/summary"
      },
      "name" : "IPS Summary",
      "description" : "This operation is used to return a patient summary using the IPS profile.",
      "exampleBoolean" : false
    },
    {
      "extension" : [{
        "url" : "http://hl7.org/fhir/tools/StructureDefinition/resource-information",
        "valueString" : "ValueSet"
      }],
      "reference" : {
        "reference" : "ValueSet/medical-devices-uv-ips"
      },
      "name" : "Medical Devices - IPS",
      "description" : "IPS Medical device codes value set.  This value set includes codes from SNOMED CT (SNOMED CT®) that are included in: all descendants of 49062001 \\|Device (physical object)\\|; all descendants or self of 787483001 \\|No known device use (situation)\\|\n\nSNOMED CT® ECL definition:\\\n< 49062001 \\|Device (physical object)\\| OR \\<\\< 787483001 \\|No known device use (situation)\\|",
      "exampleBoolean" : false
    },
    {
      "extension" : [{
        "url" : "http://hl7.org/fhir/tools/StructureDefinition/resource-information",
        "valueString" : "StructureDefinition:resource"
      }],
      "reference" : {
        "reference" : "StructureDefinition/Medication-uv-ips"
      },
      "name" : "Medication (IPS)",
      "description" : "This profile represents the constraints applied to the Medication resource by the International Patient Summary (IPS) FHIR Implementation Guide, based on FHIR R4. A medication is described in the patient summary as an instance of a Medication resource constrained by this profile.",
      "exampleBoolean" : false
    },
    {
      "extension" : [{
        "url" : "http://hl7.org/fhir/tools/StructureDefinition/resource-information",
        "valueString" : "Medication"
      }],
      "reference" : {
        "reference" : "Medication/eumfh-39-07-1"
      },
      "name" : "Medication : Simvastatin 40 MG Disintegrating Oral Tablet",
      "description" : "Medication : Simvastatin 40 MG Disintegrating Oral Tablet",
      "exampleCanonical" : "http://hl7.org/fhir/uv/ips/StructureDefinition/Medication-uv-ips"
    },
    {
      "extension" : [{
        "url" : "http://hl7.org/fhir/tools/StructureDefinition/resource-information",
        "valueString" : "StructureDefinition:resource"
      }],
      "reference" : {
        "reference" : "StructureDefinition/MedicationRequest-uv-ips"
      },
      "name" : "Medication Request (IPS)",
      "description" : "This profile represents the constraints applied to the MedicationRequest resource by the International Patient Summary (IPS) FHIR Implementation Guide, based on FHIR R4. A record of a medication request is represented in the patient summary as an instance of a MedicationRequest resource constrained by this profile.",
      "exampleBoolean" : false
    },
    {
      "extension" : [{
        "url" : "http://hl7.org/fhir/tools/StructureDefinition/resource-information",
        "valueString" : "StructureDefinition:resource"
      }],
      "reference" : {
        "reference" : "StructureDefinition/MedicationStatement-uv-ips"
      },
      "name" : "Medication Statement (IPS)",
      "description" : "This profile represents the constraints applied to the MedicationStatement resource by the International Patient Summary (IPS) FHIR Implementation Guide, based on FHIR R4. A record of a medication statement is represented in the patient summary as an instance of a MedicationStatement resource constrained by this profile.",
      "exampleBoolean" : false
    },
    {
      "extension" : [{
        "url" : "http://hl7.org/fhir/tools/StructureDefinition/resource-information",
        "valueString" : "MedicationRequest"
      }],
      "reference" : {
        "reference" : "MedicationRequest/eumfh-39-07-1-request"
      },
      "name" : "MedicationRequest: Simvastatin request",
      "description" : "MedicationRequest: Simvastatin request",
      "exampleCanonical" : "http://hl7.org/fhir/uv/ips/StructureDefinition/MedicationRequest-uv-ips"
    },
    {
      "extension" : [{
        "url" : "http://hl7.org/fhir/tools/StructureDefinition/resource-information",
        "valueString" : "ValueSet"
      }],
      "reference" : {
        "reference" : "ValueSet/medication-example-uv-ips"
      },
      "name" : "Medications - example (IPS)",
      "description" : "This value set provides an example of possible medication coded concepts. This value set will be removed in a future release and has been replaced with [medication-uv-ips](./ValueSet-medication-uv-ips.html).",
      "exampleBoolean" : false
    },
    {
      "extension" : [{
        "url" : "http://hl7.org/fhir/tools/StructureDefinition/resource-information",
        "valueString" : "ValueSet"
      }],
      "reference" : {
        "reference" : "ValueSet/medication-uv-ips"
      },
      "name" : "Medications - IPS",
      "description" : "IPS Medication codes value set.  This value set includes codes from SNOMED CT®: all descendants of 763158003 \\|Medicinal product (product)\\|; excluding the descendants or self of 787859002 \\|Vaccine product (medicinal product)\\|; including all descendants or self of 787481004 \\|No known medications (situation)\\|\n\nSNOMED CT® ECL definition:\\\n(< 763158003 \\|Medicinal product (product)\\| MINUS \\<\\< 787859002 \\|Vaccine product (medicinal product)\\|) OR \\<\\< 787481004 \\|No known medications (situation)\\|",
      "exampleBoolean" : false
    },
    {
      "extension" : [{
        "url" : "http://hl7.org/fhir/tools/StructureDefinition/resource-information",
        "valueString" : "MedicationStatement"
      }],
      "reference" : {
        "reference" : "MedicationStatement/eumfh-39-07-1"
      },
      "name" : "MedicationStatement: on-going Simvastatin treatment",
      "description" : "MedicationStatement: on-going Simvastatin treatment",
      "exampleCanonical" : "http://hl7.org/fhir/uv/ips/StructureDefinition/MedicationStatement-uv-ips"
    },
    {
      "extension" : [{
        "url" : "http://hl7.org/fhir/tools/StructureDefinition/resource-information",
        "valueString" : "ValueSet"
      }],
      "reference" : {
        "reference" : "ValueSet/medicine-active-substances-uv-ips"
      },
      "name" : "Medicine Active Substances - IPS",
      "description" : "IPS Medicine active substance codes value set.  This value set includes codes from SNOMED CT®: all descendants of 410942007 \\|Drug or medicament (substance)\\|\n\nSNOMED CT® ECL definition:\\\n< 410942007 \\|Drug or medicament (substance)\\|\\\n\nFuture implementations should consider ISO 11238\u00a0Health informatics -- Identification of medicinal products -- Data elements and structures for the unique identification and exchange of regulated information on substances.",
      "exampleBoolean" : false
    },
    {
      "extension" : [{
        "url" : "http://hl7.org/fhir/tools/StructureDefinition/resource-information",
        "valueString" : "ValueSet"
      }],
      "reference" : {
        "reference" : "ValueSet/medicine-doseform"
      },
      "name" : "Medicine Doseform - IPS",
      "description" : "EDQM (European Directorate for the Quality of Medicines and Healthcare) Dose Form codes.  This Value Set includes all the EDQM Standard Terms having:  \n[Concept Status] = ‘Current’\u00a0AND  \n[Concept Class] IN (‘PDF’, ‘CMT’, ‘CDF’, ‘PFT') AND  \n[Domain] = 'Human and Veterinary'  \n\nPDF = 'Pharmaceutical dose form'; CMT = 'Combined terms'; CDF = 'Combined pharmaceutical dose form'; PFT = 'Patient Friendly'",
      "exampleBoolean" : false
    },
    {
      "extension" : [{
        "url" : "http://hl7.org/fhir/tools/StructureDefinition/resource-information",
        "valueString" : "ValueSet"
      }],
      "reference" : {
        "reference" : "ValueSet/medicine-route-of-administration"
      },
      "name" : "Medicine Route of Administration - IPS",
      "description" : "EDQM (European Directorate for the Quality of Medicines and Healthcare) Route of Administration codes.  This Value Set includes all the EDQM Standard Terms having:  \n[Concept Status] = ‘Current’\u00a0AND  \n[Concept Class] = 'ROA' AND  \n[Domain] = 'Human and Veterinary'  \n\nROA = 'Route of administration'",
      "exampleBoolean" : false
    },
    {
      "extension" : [{
        "url" : "http://hl7.org/fhir/tools/StructureDefinition/resource-information",
        "valueString" : "StructureDefinition:resource"
      }],
      "reference" : {
        "reference" : "StructureDefinition/Observation-pregnancy-edd-uv-ips"
      },
      "name" : "Observation - Pregnancy: EDD",
      "description" : "This profile constrains the Observation resource to represent the pregnancy expected delivery date.",
      "exampleBoolean" : false
    },
    {
      "extension" : [{
        "url" : "http://hl7.org/fhir/tools/StructureDefinition/resource-information",
        "valueString" : "StructureDefinition:resource"
      }],
      "reference" : {
        "reference" : "StructureDefinition/Observation-pregnancy-outcome-uv-ips"
      },
      "name" : "Observation - Pregnancy: outcome",
      "description" : "This profile constrains the Observation resource to represent the history of pregnancy outcomes (summary).",
      "exampleBoolean" : false
    },
    {
      "extension" : [{
        "url" : "http://hl7.org/fhir/tools/StructureDefinition/resource-information",
        "valueString" : "StructureDefinition:resource"
      }],
      "reference" : {
        "reference" : "StructureDefinition/Observation-pregnancy-status-uv-ips"
      },
      "name" : "Observation - Pregnancy: status",
      "description" : "This profile constrains the Observation resource to represent the pregnancy status.",
      "exampleBoolean" : false
    },
    {
      "extension" : [{
        "url" : "http://hl7.org/fhir/tools/StructureDefinition/resource-information",
        "valueString" : "StructureDefinition:resource"
      }],
      "reference" : {
        "reference" : "StructureDefinition/Observation-alcoholuse-uv-ips"
      },
      "name" : "Observation - SH: alcohol use",
      "description" : "This profile constrains the Observation resource to represent alcohol use assessment in a patient summary.",
      "exampleBoolean" : false
    },
    {
      "extension" : [{
        "url" : "http://hl7.org/fhir/tools/StructureDefinition/resource-information",
        "valueString" : "StructureDefinition:resource"
      }],
      "reference" : {
        "reference" : "StructureDefinition/Observation-tobaccouse-uv-ips"
      },
      "name" : "Observation - SH: tobacco use",
      "description" : "This profile constrains the Observation resource to represent Tobacco use assessment in a patient summary.",
      "exampleBoolean" : false
    },
    {
      "extension" : [{
        "url" : "http://hl7.org/fhir/tools/StructureDefinition/resource-information",
        "valueString" : "StructureDefinition:resource"
      }],
      "reference" : {
        "reference" : "StructureDefinition/Observation-results-laboratory-pathology-uv-ips"
      },
      "name" : "Observation Results: laboratory/pathology (IPS)",
      "description" : "This profile constrains the Observation resource to represent results produced by laboratory (including pathology) tests or panels/studies in a patient summary.\n\nThis observation may represent the result of a simple laboratory test such as hematocrit or it may group the set of results produced by a multi-test study or panel such as a complete blood count, a dynamic function test, a urine specimen study. In the latter case, the observation carries the overall conclusion of the study and or a global interpretation by the producer of the study, in the comment element; and references the atomic results of the study as \"has-member\" child observations.",
      "exampleBoolean" : false
    },
    {
      "extension" : [{
        "url" : "http://hl7.org/fhir/tools/StructureDefinition/resource-information",
        "valueString" : "StructureDefinition:resource"
      }],
      "reference" : {
        "reference" : "StructureDefinition/Observation-results-radiology-uv-ips"
      },
      "name" : "Observation Results: radiology (IPS)",
      "description" : "This profile represents the constraints applied to the Observation resource by the IPS project, which specifies a radiology observation for the international patient summary based on the FHIR standard R4. \n\nThis observation may represent the conclusions of a diagnostic procedure such a Chest RX, or it may group the set of results produced by that single or multi-modality procedure. \n\nIn the latter case, the main observation (this one) carries the overall conclusion of the study and/or a global interpretation by the observer of the study as value of this observation; and may references the atomic results of the study as \"child observations\".\n\nIt allows also providing details about the related study using the partOf element referring to an ImagingStudy resource.",
      "exampleBoolean" : false
    },
    {
      "extension" : [{
        "url" : "http://hl7.org/fhir/tools/StructureDefinition/resource-information",
        "valueString" : "Observation"
      }],
      "reference" : {
        "reference" : "Observation/pathology-cancer"
      },
      "name" : "Observation: estrogen receptor in tissue example",
      "description" : "Observation: estrogen receptor in tissue example",
      "exampleCanonical" : "http://hl7.org/fhir/uv/ips/StructureDefinition/Observation-results-laboratory-pathology-uv-ips"
    },
    {
      "extension" : [{
        "url" : "http://hl7.org/fhir/tools/StructureDefinition/resource-information",
        "valueString" : "Observation"
      }],
      "reference" : {
        "reference" : "Observation/hemoglobin"
      },
      "name" : "Observation: hemoglobin example",
      "description" : "Observation: hemoglobin example",
      "exampleCanonical" : "http://hl7.org/fhir/uv/ips/StructureDefinition/Observation-results-laboratory-pathology-uv-ips"
    },
    {
      "extension" : [{
        "url" : "http://hl7.org/fhir/tools/StructureDefinition/resource-information",
        "valueString" : "Observation"
      }],
      "reference" : {
        "reference" : "Observation/ips-example-imaging-1"
      },
      "name" : "Observation: imaging CT Abdomen W contrast IV",
      "description" : "Observation: imaging CT Abdomen W contrast IV",
      "exampleCanonical" : "http://hl7.org/fhir/uv/ips/StructureDefinition/Observation-results-radiology-uv-ips"
    },
    {
      "extension" : [{
        "url" : "http://hl7.org/fhir/tools/StructureDefinition/resource-information",
        "valueString" : "Observation"
      }],
      "reference" : {
        "reference" : "Observation/ips-example-imaging-4"
      },
      "name" : "Observation: imaging CT Abdomen W contrast IV, sub-observations",
      "description" : "Observation: imaging CT Abdomen W contrast IV,sub-observations",
      "exampleCanonical" : "http://hl7.org/fhir/uv/ips/StructureDefinition/Observation-results-radiology-uv-ips"
    },
    {
      "extension" : [{
        "url" : "http://hl7.org/fhir/tools/StructureDefinition/resource-information",
        "valueString" : "Observation"
      }],
      "reference" : {
        "reference" : "Observation/pregnancy-edd-example"
      },
      "name" : "Observation: pregnancy edd example",
      "description" : "Observation: pregnancy edd example",
      "exampleCanonical" : "http://hl7.org/fhir/uv/ips/StructureDefinition/Observation-pregnancy-edd-uv-ips"
    },
    {
      "extension" : [{
        "url" : "http://hl7.org/fhir/tools/StructureDefinition/resource-information",
        "valueString" : "Observation"
      }],
      "reference" : {
        "reference" : "Observation/pregnancy-outcome-example"
      },
      "name" : "Observation: pregnancy outcome example",
      "description" : "Observation: pregnancy outcome example",
      "exampleCanonical" : "http://hl7.org/fhir/uv/ips/StructureDefinition/Observation-pregnancy-outcome-uv-ips"
    },
    {
      "extension" : [{
        "url" : "http://hl7.org/fhir/tools/StructureDefinition/resource-information",
        "valueString" : "Observation"
      }],
      "reference" : {
        "reference" : "Observation/pregnancy-status-example"
      },
      "name" : "Observation: pregnancy status example",
      "description" : "Observation: pregnancy status example",
      "exampleCanonical" : "http://hl7.org/fhir/uv/ips/StructureDefinition/Observation-pregnancy-status-uv-ips"
    },
    {
      "extension" : [{
        "url" : "http://hl7.org/fhir/tools/StructureDefinition/resource-information",
        "valueString" : "Observation"
      }],
      "reference" : {
        "reference" : "Observation/serum-creatinine-adult"
      },
      "name" : "Observation: serum creatinine example",
      "description" : "Observation: serum creatinine example",
      "exampleCanonical" : "http://hl7.org/fhir/uv/ips/StructureDefinition/Observation-results-laboratory-pathology-uv-ips"
    },
    {
      "extension" : [{
        "url" : "http://hl7.org/fhir/tools/StructureDefinition/resource-information",
        "valueString" : "Observation"
      }],
      "reference" : {
        "reference" : "Observation/alcohol-use-example"
      },
      "name" : "Observation: SH alcohol use example",
      "description" : "Observation: SH alcohol use example",
      "exampleCanonical" : "http://hl7.org/fhir/uv/ips/StructureDefinition/Observation-alcoholuse-uv-ips"
    },
    {
      "extension" : [{
        "url" : "http://hl7.org/fhir/tools/StructureDefinition/resource-information",
        "valueString" : "Observation"
      }],
      "reference" : {
        "reference" : "Observation/tobacco-use-example"
      },
      "name" : "Observation: SH tobacco use example",
      "description" : "Observation: SH tobacco use example",
      "exampleCanonical" : "http://hl7.org/fhir/uv/ips/StructureDefinition/Observation-tobaccouse-uv-ips"
    },
    {
      "extension" : [{
        "url" : "http://hl7.org/fhir/tools/StructureDefinition/resource-information",
        "valueString" : "Observation"
      }],
      "reference" : {
        "reference" : "Observation/urine-wbc-range"
      },
      "name" : "Observation: urine wbc range example",
      "description" : "Observation: urine wbc range example",
      "exampleCanonical" : "http://hl7.org/fhir/uv/ips/StructureDefinition/Observation-results-laboratory-pathology-uv-ips"
    },
    {
      "extension" : [{
        "url" : "http://hl7.org/fhir/tools/StructureDefinition/resource-information",
        "valueString" : "StructureDefinition:resource"
      }],
      "reference" : {
        "reference" : "StructureDefinition/Organization-uv-ips"
      },
      "name" : "Organization (IPS)",
      "description" : "This profile constrains the Organization resource to represent an organization that acts as performer or observer for a result observation (laboratory, pathology or imaging), or as performer for a procedure.",
      "exampleBoolean" : false
    },
    {
      "extension" : [{
        "url" : "http://hl7.org/fhir/tools/StructureDefinition/resource-information",
        "valueString" : "Organization"
      }],
      "reference" : {
        "reference" : "Organization/TII-Organization1"
      },
      "name" : "Organization: example",
      "description" : "Organization: example",
      "exampleCanonical" : "http://hl7.org/fhir/uv/ips/StructureDefinition/Organization-uv-ips"
    },
    {
      "extension" : [{
        "url" : "http://hl7.org/fhir/tools/StructureDefinition/resource-information",
        "valueString" : "Organization"
      }],
      "reference" : {
        "reference" : "Organization/lab-org-example"
      },
      "name" : "Organization: lab example",
      "description" : "Best Hospital Lab Organization example",
      "exampleCanonical" : "http://hl7.org/fhir/uv/ips/StructureDefinition/Organization-uv-ips"
    },
    {
      "extension" : [{
        "url" : "http://hl7.org/fhir/tools/StructureDefinition/resource-information",
        "valueString" : "Organization"
      }],
      "reference" : {
        "reference" : "Organization/simple-org"
      },
      "name" : "Organization: simple example",
      "description" : "Very Simple Organization example",
      "exampleCanonical" : "http://hl7.org/fhir/uv/ips/StructureDefinition/Organization-uv-ips"
    },
    {
      "extension" : [{
        "url" : "http://hl7.org/fhir/tools/StructureDefinition/resource-information",
        "valueString" : "StructureDefinition:resource"
      }],
      "reference" : {
        "reference" : "StructureDefinition/Patient-uv-ips"
      },
      "name" : "Patient (IPS)",
      "description" : "This profile represents the constraints applied to the Patient resource by the International Patient Summary (IPS) FHIR Implementation Guide and describes the minimum expectations for the Patient resource when used in the IPS composition or in one of the referred resources.",
      "exampleBoolean" : false
    },
    {
      "extension" : [{
        "url" : "http://hl7.org/fhir/tools/StructureDefinition/resource-information",
        "valueString" : "Patient"
      }],
      "reference" : {
        "reference" : "Patient/patient-example-female"
      },
      "name" : "Patient: female patient",
      "description" : "Patient: female patient",
      "exampleCanonical" : "http://hl7.org/fhir/uv/ips/StructureDefinition/Patient-uv-ips"
    },
    {
      "extension" : [{
        "url" : "http://hl7.org/fhir/tools/StructureDefinition/resource-information",
        "valueString" : "Patient"
      }],
      "reference" : {
        "reference" : "Patient/eumfh-39-07"
      },
      "name" : "Patient: male patient",
      "description" : "Patient: male patient",
      "exampleCanonical" : "http://hl7.org/fhir/uv/ips/StructureDefinition/Patient-uv-ips"
    },
    {
      "extension" : [{
        "url" : "http://hl7.org/fhir/tools/StructureDefinition/resource-information",
        "valueString" : "Patient"
      }],
      "reference" : {
        "reference" : "Patient/66033"
      },
      "name" : "Patient: minimal example",
      "description" : "Patient: minimal example",
      "exampleCanonical" : "http://hl7.org/fhir/uv/ips/StructureDefinition/Patient-uv-ips"
    },
    {
      "extension" : [{
        "url" : "http://hl7.org/fhir/tools/StructureDefinition/resource-information",
        "valueString" : "ValueSet"
      }],
      "reference" : {
        "reference" : "ValueSet/personal-relationship-uv-ips"
      },
      "name" : "Personal Relationship - IPS [Deprecated]",
      "description" : "The Value Set is used (optionally) to code the type of contact relationship between a person and the patient. This value set has been deprecated and will be removed in a future release.  It has been replaced with [PersonalRelationshipRoleType](https://terminology.hl7.org/3.1.0/ValueSet-v3-PersonalRelationshipRoleType.html)",
      "exampleBoolean" : false
    },
    {
      "extension" : [{
        "url" : "http://hl7.org/fhir/tools/StructureDefinition/resource-information",
        "valueString" : "StructureDefinition:resource"
      }],
      "reference" : {
        "reference" : "StructureDefinition/Practitioner-uv-ips"
      },
      "name" : "Practitioner (IPS)",
      "description" : "This profile constrains the practitioner resource to represent a practitioner acting as observer for these imaging results.",
      "exampleBoolean" : false
    },
    {
      "extension" : [{
        "url" : "http://hl7.org/fhir/tools/StructureDefinition/resource-information",
        "valueString" : "Practitioner"
      }],
      "reference" : {
        "reference" : "Practitioner/eumfh-39-07"
      },
      "name" : "Practitioner example",
      "description" : "Practitioner example",
      "exampleCanonical" : "http://hl7.org/fhir/uv/ips/StructureDefinition/Practitioner-uv-ips"
    },
    {
      "extension" : [{
        "url" : "http://hl7.org/fhir/tools/StructureDefinition/resource-information",
        "valueString" : "StructureDefinition:resource"
      }],
      "reference" : {
        "reference" : "StructureDefinition/PractitionerRole-uv-ips"
      },
      "name" : "PractitionerRole (IPS)",
      "description" : "This profile constrains the PractitionerRole resource to represent a practitioner acting as observer for observation results for a specified organization.",
      "exampleBoolean" : false
    },
    {
      "extension" : [{
        "url" : "http://hl7.org/fhir/tools/StructureDefinition/resource-information",
        "valueString" : "PractitionerRole"
      }],
      "reference" : {
        "reference" : "PractitionerRole/simple-pr"
      },
      "name" : "PractitionerRole: simple example",
      "description" : "Very Simple PractitionerRole example",
      "exampleCanonical" : "http://hl7.org/fhir/uv/ips/StructureDefinition/PractitionerRole-uv-ips"
    },
    {
      "extension" : [{
        "url" : "http://hl7.org/fhir/tools/StructureDefinition/resource-information",
        "valueString" : "ValueSet"
      }],
      "reference" : {
        "reference" : "ValueSet/pregnancies-summary-uv-ips"
      },
      "name" : "Pregnancies Summary - IPS",
      "description" : "IPS Pregnancies Summary",
      "exampleBoolean" : false
    },
    {
      "extension" : [{
        "url" : "http://hl7.org/fhir/tools/StructureDefinition/resource-information",
        "valueString" : "ValueSet"
      }],
      "reference" : {
        "reference" : "ValueSet/edd-method-uv-ips"
      },
      "name" : "Pregnancy Expected Delivery Date Method - IPS",
      "description" : "IPS Expected Delivery Date Method",
      "exampleBoolean" : false
    },
    {
      "extension" : [{
        "url" : "http://hl7.org/fhir/tools/StructureDefinition/resource-information",
        "valueString" : "ValueSet"
      }],
      "reference" : {
        "reference" : "ValueSet/pregnancy-status-uv-ips"
      },
      "name" : "Pregnancy Status - IPS",
      "description" : "IPS pregnancy status codes value set.  This value set includes codes from SNOMED CT®: 77386006 \\|Pregnant\\|; 60001007 \\|Not pregnant\\|; 152231000119106 \\|Pregnancy not yet confirmed\\|; 146799005 \\|Possible pregnancy\\|\n\nSNOMED CT® ECL definition:\\\n77386006 \\|Pregnant\\| OR 60001007 \\|Not pregnant\\| OR 152231000119106 \\|Pregnancy not yet confirmed\\| OR 146799005 \\|Possible pregnancy\\|",
      "exampleBoolean" : false
    },
    {
      "extension" : [{
        "url" : "http://hl7.org/fhir/tools/StructureDefinition/resource-information",
        "valueString" : "ValueSet"
      }],
      "reference" : {
        "reference" : "ValueSet/problem-type-loinc"
      },
      "name" : "Problem Type (LOINC)",
      "description" : "This value set indicates the level of medical judgment used to determine the existence of a problem.",
      "exampleBoolean" : false
    },
    {
      "extension" : [{
        "url" : "http://hl7.org/fhir/tools/StructureDefinition/resource-information",
        "valueString" : "ValueSet"
      }],
      "reference" : {
        "reference" : "ValueSet/problem-type-uv-ips"
      },
      "name" : "Problem Type - IPS",
      "description" : "This value set provides a category for the condition as a clinical problem for inclusion in the patient summary.",
      "exampleBoolean" : false
    },
    {
      "extension" : [{
        "url" : "http://hl7.org/fhir/tools/StructureDefinition/resource-information",
        "valueString" : "ValueSet"
      }],
      "reference" : {
        "reference" : "ValueSet/problems-uv-ips"
      },
      "name" : "Problems - IPS",
      "description" : "IPS Problem (Condition) codes value set.  This value set includes codes from SNOMED CT®: all descendants of 404684003 \\|Clinical finding (finding)\\|; all descendants of 243796009 \\|Situation with explicit context (situation)\\|; all descendants of 272379006 \\|Event (event)\\|; all descendants or self of 160245001 \\|No current problems or disability (situation)\\|.  The descendants of 71388002 \\|Procedure (procedure)\\| (which were included in the CORE problem list) are not included, as they are expected to be represented separately in the History of Procedures Section.\n\nSNOMED CT® ECL definition:\\\n< 404684003 \\|Clinical finding (finding)\\| OR < 243796009 \\|Situation with explicit context (situation)\\| OR < 272379006 \\|Event (event)\\| OR \\<\\< 160245001 \\|No current problems or disability (situation)\\|",
      "exampleBoolean" : false
    },
    {
      "extension" : [{
        "url" : "http://hl7.org/fhir/tools/StructureDefinition/resource-information",
        "valueString" : "StructureDefinition:resource"
      }],
      "reference" : {
        "reference" : "StructureDefinition/Procedure-uv-ips"
      },
      "name" : "Procedure (IPS)",
      "description" : "This profile represents the constraints applied to the Procedure resource by the IPS project, which specifies an entry of the History of Procedure for the international patient summary based on the FHIR standard R4.",
      "exampleBoolean" : false
    },
    {
      "extension" : [{
        "url" : "http://hl7.org/fhir/tools/StructureDefinition/resource-information",
        "valueString" : "Procedure"
      }],
      "reference" : {
        "reference" : "Procedure/eumfh-39-07-1"
      },
      "name" : "Procedure: Surgical procedure",
      "description" : "Procedure: Surgical procedure",
      "exampleCanonical" : "http://hl7.org/fhir/uv/ips/StructureDefinition/Procedure-uv-ips"
    },
    {
      "extension" : [{
        "url" : "http://hl7.org/fhir/tools/StructureDefinition/resource-information",
        "valueString" : "ValueSet"
      }],
      "reference" : {
        "reference" : "ValueSet/procedures-uv-ips"
      },
      "name" : "Procedures - IPS",
      "description" : "IPS Procedure codes value set.  This value set includes codes from SNOMED CT®: all descendants of 71388002 \\|Procedure (procedure)\\|; excluding [all descendants or self of 14734007 \\|Administrative procedure (procedure)\\|; all descendants or self of 59524001 \\|Blood bank procedure (procedure)\\|; all descendants or self of 389067005 \\|Community health procedure (procedure)\\|; all descendants or self of 442006003 \\|Determination of information related to transfusion (procedure)\\|; all descendants or self of 225288009 \\|Environmental care procedure (procedure)\\|; all descendants or self of 308335008 \\|Patient encounter procedure (procedure)\\|; all descendants or self of 710135002 \\|Promotion (procedure)\\|; all descendants or self of 389084004 \\|Staff related procedure (procedure)\\|]; including all descendants or self of 787480003 \\|No known procedures (situation)\\|\n\nSNOMED CT® ECL definition:\\\n(< 71388002 \\|Procedure (procedure)\\| MINUS (\\<\\< 14734007 \\|Administrative procedure (procedure)\\| OR \\<\\< 59524001 \\|Blood bank procedure (procedure)\\| OR \\<\\< 389067005 \\|Community health procedure (procedure)\\| OR \\<\\< 442006003 \\|Determination of information related to transfusion (procedure)\\| OR \\<\\< 225288009 \\|Environmental care procedure (procedure)\\| OR \\<\\< 308335008 \\|Patient encounter procedure (procedure)\\| OR \\<\\< 710135002 \\|Promotion (procedure)\\| OR \\<\\< 389084004 \\|Staff related procedure (procedure)\\|)) OR << 787480003 \\|No known procedures (situation)\\|",
      "exampleBoolean" : false
    },
    {
      "extension" : [{
        "url" : "http://hl7.org/fhir/tools/StructureDefinition/resource-information",
        "valueString" : "StructureDefinition:complex-type"
      }],
      "reference" : {
        "reference" : "StructureDefinition/Quantity-uv-ips"
      },
      "name" : "Quantity (IPS)",
      "description" : "Data type Quantity constrained to use UCUM as the code system for units",
      "exampleBoolean" : false
    },
    {
      "extension" : [{
        "url" : "http://hl7.org/fhir/tools/StructureDefinition/resource-information",
        "valueString" : "StructureDefinition:complex-type"
      }],
      "reference" : {
        "reference" : "StructureDefinition/Range-uv-ips"
      },
      "name" : "Range (IPS)",
      "description" : "Range constrained to UCUM as the code system for units.",
      "exampleBoolean" : false
    },
    {
      "extension" : [{
        "url" : "http://hl7.org/fhir/tools/StructureDefinition/resource-information",
        "valueString" : "StructureDefinition:complex-type"
      }],
      "reference" : {
        "reference" : "StructureDefinition/Ratio-uv-ips"
      },
      "name" : "Ratio (IPS)",
      "description" : "Ratio data type, constrained to use UCUM as the code system for units.",
      "exampleBoolean" : false
    },
    {
      "extension" : [{
        "url" : "http://hl7.org/fhir/tools/StructureDefinition/resource-information",
        "valueString" : "ValueSet"
      }],
      "reference" : {
        "reference" : "ValueSet/results-coded-values-laboratory-pathology-uv-ips"
      },
      "name" : "Results Coded Values Laboratory/Pathology - IPS",
      "description" : "IPS Results Coded Values Laboratory/Pathology value set.  This value set includes codes from SNOMED CT®: all descendants of 365636006 \\|Finding of blood group (finding)\\|; all descendants of 260411009 \\|Presence findings (qualifier value)\\|; all descendants of 272519000 \\|Absence findings (qualifier value)\\|; all descendants of 409822003 \\|Domain Bacteria (organism)\\|; all descendants of 441649000 \\|Class Cestoda and/or Class Trematoda and/or Phylum Nemata (organism)\\|; all descendants of 414561005 \\|Kingdom Fungi (organism)\\|; all descendants of 84676004 \\|Prion (organism)\\|; all descendants of 49872002 \\|Virus (organism)\\|; all descendants of 417396000 \\|Kingdom Protozoa (organism)\\|; all descendants of 419036000 \\|Domain Archaea (organism)\\|; all descendants of 426785004 \\|Kingdom Chromista (organism)\\|; all descendants of 370570004 \\|Kingdom Protoctista (organism)\\|; all descendants of 417377004 \\|Kingdom Viridiplantae (organism)\\|; all descendants of 243565002 \\|Slime mold (organism)\\|; all descendants of 106253005 \\|Histologic grading differentiation AND/OR behavior (qualifier value)\\|; all descendants of 373369003 \\|Finding of histologic grading differentiation AND/OR behavior (finding)\\|; all descendants of 399981008 \\|Neoplasm and/or hamartoma (disorder)\\|\n\nSNOMED CT® ECL definition:\\\n< 365636006 \\|Finding of blood group (finding)\\| OR < 260411009 \\|Presence findings (qualifier value)\\| OR < 272519000 \\|Absence findings (qualifier value)\\| OR < 409822003 \\|Domain Bacteria (organism)\\| OR < 441649000 \\|Class Cestoda and/or Class Trematoda and/or Phylum Nemata (organism)\\| OR < 414561005 \\|Kingdom Fungi (organism)\\| OR < 84676004 \\|Prion (organism)\\| OR < 49872002 \\|Virus (organism)\\| OR < 417396000 \\|Kingdom Protozoa (organism)\\| OR < 419036000 \\|Domain Archaea (organism)\\| OR < 426785004 \\|Kingdom Chromista (organism)\\| OR < 370570004 \\|Kingdom Protoctista (organism)\\| OR < 417377004 \\|Kingdom Viridiplantae (organism)\\| OR < 243565002 \\|Slime mold (organism)\\| OR < 106253005 \\|Histologic grading differentiation AND/OR behavior (qualifier value)\\| OR < 373369003 \\|Finding of histologic grading differentiation AND/OR behavior (finding)\\| OR < 399981008 \\|Neoplasm and/or hamartoma (disorder)\\|",
      "exampleBoolean" : false
    },
    {
      "extension" : [{
        "url" : "http://hl7.org/fhir/tools/StructureDefinition/resource-information",
        "valueString" : "ValueSet"
      }],
      "reference" : {
        "reference" : "ValueSet/results-laboratory-pathology-observations-uv-ips"
      },
      "name" : "Results Laboratory/Pathology Observation - IPS",
      "description" : "Value Set Definition: LOINC {STATUS in {ACTIVE}, CLASSTYPE in {Laboratory class (1)}, CLASS exclude {LP62148-9 (NR STATS), LP175679-2 (H&P.HX.LAB), LP7785-1 (CHALSKIN), LP94892-4 (LABORDERS)}}",
      "exampleBoolean" : false
    },
    {
      "extension" : [{
        "url" : "http://hl7.org/fhir/tools/StructureDefinition/resource-information",
        "valueString" : "ValueSet"
      }],
      "reference" : {
        "reference" : "ValueSet/results-radiology-numobs-uv-ips"
      },
      "name" : "Results Radiology Measurement Observation - IPS",
      "description" : "Extensible value set including SNOMED CT and DICOM concepts for Linear, Area and Volume Measurements",
      "exampleBoolean" : false
    },
    {
      "extension" : [{
        "url" : "http://hl7.org/fhir/tools/StructureDefinition/resource-information",
        "valueString" : "ValueSet"
      }],
      "reference" : {
        "reference" : "ValueSet/results-radiology-observations-uv-ips"
      },
      "name" : "Results Radiology Observation - IPS",
      "description" : "Value Set Definition: \nLOINC {STATUS in {ACTIVE}, CLASS in LP29684-5 (\\\"RAD\\\")}",
      "exampleBoolean" : false
    },
    {
      "extension" : [{
        "url" : "http://hl7.org/fhir/tools/StructureDefinition/resource-information",
        "valueString" : "ValueSet"
      }],
      "reference" : {
        "reference" : "ValueSet/results-radiology-txtobs-uv-ips"
      },
      "name" : "Results Radiology Textual Observation - IPS",
      "description" : "IPS Results Radiology Textual Observation",
      "exampleBoolean" : false
    },
    {
      "extension" : [{
        "url" : "http://hl7.org/fhir/tools/StructureDefinition/resource-information",
        "valueString" : "ValueSet"
      }],
      "reference" : {
        "reference" : "ValueSet/results-specimen-collection-method-uv-ips"
      },
      "name" : "Results Specimen Collection Method - IPS",
      "description" : "IPS Specimen collection method codes value set.  This value set includes codes from SNOMED CT®: all descendants or self of 129316008 \\|Aspiration - action (qualifier value)\\|; all descendants or self of 129314006 \\|Biopsy - action (qualifier value)\\|; all descendants or self of 129300006 \\|Puncture - action (qualifier value)\\|; all descendants or self of 129304002 \\|Excision - action (qualifier value)\\|; all descendants or self of 129323009 \\|Scraping - action (qualifier value)\\|; all descendants or self of 73416001 \\|Urine specimen collection, clean catch (procedure)\\|; all descendants or self of 225113003 \\|Timed urine collection (procedure)\\|; all descendants or self of 70777001 \\|Urine specimen collection, catheterized (procedure)\\|; all descendants or self of 386089008 \\|Collection of coughed sputum (procedure)\\|; all descendants or self of 278450005 \\|Finger-prick sampling (procedure)\\| \n\nSNOMED CT® ECL definition:\\\n\\<\\< 129316008 \\|Aspiration - action (qualifier value)\\| OR \\<\\< 129314006 \\|Biopsy - action (qualifier value)\\| OR \\<\\< 129300006 \\|Puncture - action (qualifier value)\\| OR \\<\\< 129304002 \\|Excision - action (qualifier value)\\| OR \\<\\< 129323009 \\|Scraping - action (qualifier value)\\| OR \\<\\< 73416001 \\|Urine specimen collection, clean catch (procedure)\\| OR \\<\\< 225113003 \\|Timed urine collection (procedure)\\| OR \\<\\< 70777001 \\|Urine specimen collection, catheterized (procedure)\\| OR \\<\\< 386089008 \\|Collection of coughed sputum (procedure)\\| OR \\<\\< 278450005 \\|Finger-prick sampling (procedure)\\|",
      "exampleBoolean" : false
    },
    {
      "extension" : [{
        "url" : "http://hl7.org/fhir/tools/StructureDefinition/resource-information",
        "valueString" : "ValueSet"
      }],
      "reference" : {
        "reference" : "ValueSet/results-specimen-type-uv-ips"
      },
      "name" : "Results Specimen Type - IPS",
      "description" : "IPS Specimen Type codes value set.  This value set includes codes from SNOMED CT®: all descendants of 123038009 \\|Specimen (specimen)\\|\n\nSNOMED CT® ECL definition:\\\n< 123038009 \\|Specimen (specimen)\\|",
      "exampleBoolean" : false
    },
    {
      "extension" : [{
        "url" : "http://hl7.org/fhir/tools/StructureDefinition/resource-information",
        "valueString" : "StructureDefinition:complex-type"
      }],
      "reference" : {
        "reference" : "StructureDefinition/SimpleQuantity-uv-ips"
      },
      "name" : "SimpleQuantity (IPS)",
      "description" : "Data type profile SimpleQuantity constrained to use UCUM as the code system for units",
      "exampleBoolean" : false
    },
    {
      "extension" : [{
        "url" : "http://hl7.org/fhir/tools/StructureDefinition/resource-information",
        "valueString" : "StructureDefinition:resource"
      }],
      "reference" : {
        "reference" : "StructureDefinition/Specimen-uv-ips"
      },
      "name" : "Specimen (IPS)",
      "description" : "This profile constrains the Specimen resource to represent the characteristics of a biological specimens in the context of laboratory results integrated to a patient summary.",
      "exampleBoolean" : false
    },
    {
      "extension" : [{
        "url" : "http://hl7.org/fhir/tools/StructureDefinition/resource-information",
        "valueString" : "Specimen"
      }],
      "reference" : {
        "reference" : "Specimen/specimen-example-1"
      },
      "name" : "Specimen: example",
      "description" : "Specimen: example",
      "exampleCanonical" : "http://hl7.org/fhir/uv/ips/StructureDefinition/Specimen-uv-ips"
    },
    {
      "extension" : [{
        "url" : "http://hl7.org/fhir/tools/StructureDefinition/resource-information",
        "valueString" : "ValueSet"
      }],
      "reference" : {
        "reference" : "ValueSet/target-diseases-uv-ips"
      },
      "name" : "Vaccine Target Diseases - IPS",
      "description" : "IPS Vaccine target disease codes value set.  This value set includes codes from SNOMED CT that represent specific vaccine target diseases (descendant concepts, if they exist, are not included).\n\nSNOMED CT® ECL definition:\\\n4834000 \\|Typhoid fever (disorder)\\| OR 6142004 \\|Influenza (disorder)\\| OR 16541001 \\|Yellow fever (disorder)\\| OR 14189004 \\|Measles (disorder)\\| OR 14168008 \\|Rabies (disorder)\\| OR 18624000 \\|Disease caused by Rotavirus (disorder)\\| OR 23502006 \\|Lyme disease (disorder)\\| OR 23511006 \\|Meningococcal infectious disease (disorder)\\| OR 24662006 \\|Influenza caused by Influenza B virus (disorder)\\| OR 25225006 \\|Disease caused by Adenovirus (disorder)\\| OR 27836007 \\|Pertussis (disorder)\\| OR 32398004 \\|Bronchitis (disorder)\\| OR 36653000 \\|Rubella (disorder)\\| OR 36989005 \\|Mumps (disorder)\\| OR 37246009 \\|Disease caused by rickettsiae (disorder)\\| OR 38907003 \\|Varicella (disorder)\\| OR 40468003 \\|Viral hepatitis, type A (disorder)\\| OR 50711007 \\|Viral hepatitis type C (disorder)\\| OR 52947006 \\|Japanese encephalitis virus disease (disorder)\\| OR 56717001 \\|Tuberculosis (disorder)\\| OR 58750007 \\|Plague (disorder)\\| OR 63650001 \\|Cholera (disorder)\\| OR 66071002 \\|Viral hepatitis type B (disorder)\\| OR 67924001 \\|Smallpox (disorder)\\| OR 70036007 \\|Haemophilus influenzae pneumonia (disorder)\\| OR 75702008 \\|Brucellosis (disorder)\\| OR 76902006 \\|Tetanus (disorder)\\| OR 85904008 \\|Paratyphoid fever (disorder)\\| OR 111852003 \\|Vaccinia (disorder)\\| OR 186150001 \\|Enteritis caused by rotavirus (disorder)\\| OR 186772009 \\|Rocky Mountain spotted fever (disorder)\\| OR 186788009 \\|Q fever (disorder)\\| OR 240532009 \\|Human papillomavirus infection (disorder)\\| OR 240613006 \\|Typhus group rickettsial disease (disorder)\\| OR 372244006 \\|Malignant melanoma (disorder)\\| OR 397430003 \\|Diphtheria caused by Corynebacterium diphtheriae (disorder)\\| OR 398102009 \\|Acute poliomyelitis (disorder)\\| OR 398565003 \\|Infection caused by Clostridium botulinum (disorder)\\| OR 409498004 \\|Anthrax (disorder)\\| OR 417093003 \\|Disease caused by West Nile virus (disorder)\\| OR 442438000 \\|Influenza caused by Influenza A virus (disorder)\\| OR 442696006 \\|Influenza caused by Influenza A virus subtype H1N1 (disorder)\\| OR 450715004 \\|Influenza caused by Influenza A virus subtype H7 (disorder)\\| OR 707448003 \\|Influenza caused by Influenza A virus subtype H7N9 (disorder)\\| OR 709410003 \\|Haemophilus influenzae type b infection (disorder)\\| OR 712986001 \\|Encephalitis caused by tick-borne encephalitis virus (disorder)\\| OR 713083002 \\|Influenza caused by Influenza A virus subtype H5 (disorder)\\| OR 772810003 \\|Influenza caused by Influenza A virus subtype H3N2 (disorder)\\| OR 772828001 \\|Influenza caused by Influenza A virus subtype H5N1 (disorder)\\| OR 840539006 \\|Disease caused by severe acute respiratory syndrome coronavirus 2 (disorder)\\|",
      "exampleBoolean" : false
    },
    {
      "extension" : [{
        "url" : "http://hl7.org/fhir/tools/StructureDefinition/resource-information",
        "valueString" : "ValueSet"
      }],
      "reference" : {
        "reference" : "ValueSet/vaccines-uv-ips"
      },
      "name" : "Vaccines - IPS",
      "description" : "IPS Vaccine codes value set.  This value set includes codes from SNOMED CT®: all descendants of 787859002 \\|Vaccine product (product)\\|; all descendants or self of 787482006 \\|No known immunizations (situation)\\|\n\nSNOMED CT® ECL definition:\\\n< 787859002 \\|Vaccine product (product)\\| OR \\<\\< 787482006 \\|No known immunizations (situation)\\|",
      "exampleBoolean" : false
    },
    {
      "extension" : [{
        "url" : "http://hl7.org/fhir/tools/StructureDefinition/resource-information",
        "valueString" : "ValueSet"
      }],
      "reference" : {
        "reference" : "ValueSet/vaccines-whoatc-uv-ips"
      },
      "name" : "Vaccines WHO ATC - IPS",
      "description" : "IPS Vaccine codes value set.  This value set includes codes from the World Health Organization Anatomical Therapeutic Chemical (ATC) classification system: all descendants of J07 \"VACCINES\"",
      "exampleBoolean" : false
    },
    {
      "extension" : [{
        "url" : "http://hl7.org/fhir/tools/StructureDefinition/resource-information",
        "valueString" : "ValueSet"
      }],
      "reference" : {
        "reference" : "ValueSet/whoatc-uv-ips"
      },
      "name" : "WHO ATC - IPS",
      "description" : "World Health Organization Anatomical Therapeutic Chemical (ATC) classification system.",
      "exampleBoolean" : false
    }],
    "page" : {
      "extension" : [{
        "url" : "http://hl7.org/fhir/StructureDefinition/structuredefinition-standards-status",
        "valueCode" : "informative"
      },
      {
        "url" : "http://hl7.org/fhir/tools/StructureDefinition/ig-page-name",
        "valueUrl" : "toc.html"
      }],
      "nameUrl" : "toc.html",
      "title" : "Table of Contents",
      "generation" : "html",
      "page" : [{
        "extension" : [{
          "url" : "http://hl7.org/fhir/StructureDefinition/structuredefinition-standards-status",
          "valueCode" : "informative"
        },
        {
          "url" : "http://hl7.org/fhir/tools/StructureDefinition/ig-page-name",
          "valueUrl" : "index.html"
        }],
        "nameUrl" : "index.html",
        "title" : "Home",
        "generation" : "markdown"
      },
      {
        "extension" : [{
          "url" : "http://hl7.org/fhir/StructureDefinition/structuredefinition-standards-status",
          "valueCode" : "informative"
        },
        {
          "url" : "http://hl7.org/fhir/tools/StructureDefinition/ig-page-name",
          "valueUrl" : "changes.html"
        }],
        "nameUrl" : "changes.html",
        "title" : "Changes",
        "generation" : "markdown"
      },
      {
        "extension" : [{
          "url" : "http://hl7.org/fhir/StructureDefinition/structuredefinition-standards-status",
          "valueCode" : "informative"
        },
        {
          "url" : "http://hl7.org/fhir/tools/StructureDefinition/ig-page-name",
          "valueUrl" : "copyrights.html"
        }],
        "nameUrl" : "copyrights.html",
        "title" : "Copyrights",
        "generation" : "markdown"
      },
      {
        "extension" : [{
          "url" : "http://hl7.org/fhir/StructureDefinition/structuredefinition-standards-status",
          "valueCode" : "informative"
        },
        {
          "url" : "http://hl7.org/fhir/tools/StructureDefinition/ig-page-name",
          "valueUrl" : "datatypes.html"
        }],
        "nameUrl" : "datatypes.html",
        "title" : "Datatypes",
        "generation" : "markdown"
      },
      {
        "extension" : [{
          "url" : "http://hl7.org/fhir/StructureDefinition/structuredefinition-standards-status",
          "valueCode" : "informative"
        },
        {
          "url" : "http://hl7.org/fhir/tools/StructureDefinition/ig-page-name",
          "valueUrl" : "Design-Conventions.html"
        }],
        "nameUrl" : "Design-Conventions.html",
        "title" : "Design Conventions",
        "generation" : "markdown"
      },
      {
        "extension" : [{
          "url" : "http://hl7.org/fhir/StructureDefinition/structuredefinition-standards-status",
          "valueCode" : "informative"
        },
        {
          "url" : "http://hl7.org/fhir/tools/StructureDefinition/ig-page-name",
          "valueUrl" : "downloads.html"
        }],
        "nameUrl" : "downloads.html",
        "title" : "Downloads",
        "generation" : "markdown"
      },
      {
        "extension" : [{
          "url" : "http://hl7.org/fhir/StructureDefinition/structuredefinition-standards-status",
          "valueCode" : "informative"
        },
        {
          "url" : "http://hl7.org/fhir/tools/StructureDefinition/ig-page-name",
          "valueUrl" : "examples.html"
        }],
        "nameUrl" : "examples.html",
        "title" : "Examples",
        "generation" : "markdown"
      },
      {
        "extension" : [{
          "url" : "http://hl7.org/fhir/StructureDefinition/structuredefinition-standards-status",
          "valueCode" : "informative"
        },
        {
          "url" : "http://hl7.org/fhir/tools/StructureDefinition/ig-page-name",
          "valueUrl" : "General-Principles.html"
        }],
        "nameUrl" : "General-Principles.html",
        "title" : "General Principles",
        "generation" : "markdown"
      },
      {
        "extension" : [{
          "url" : "http://hl7.org/fhir/StructureDefinition/structuredefinition-standards-status",
          "valueCode" : "informative"
        },
        {
          "url" : "http://hl7.org/fhir/tools/StructureDefinition/ig-page-name",
          "valueUrl" : "Generation-and-Data-Inclusion.html"
        }],
        "nameUrl" : "Generation-and-Data-Inclusion.html",
        "title" : "Generation and Data Inclusion",
        "generation" : "markdown"
      },
      {
        "extension" : [{
          "url" : "http://hl7.org/fhir/StructureDefinition/structuredefinition-standards-status",
          "valueCode" : "informative"
        },
        {
          "url" : "http://hl7.org/fhir/tools/StructureDefinition/ig-page-name",
          "valueUrl" : "Known-Issues-and-Future-Development.html"
        }],
        "nameUrl" : "Known-Issues-and-Future-Development.html",
        "title" : "Known Issues and Future Development",
        "generation" : "markdown"
      },
      {
        "extension" : [{
          "url" : "http://hl7.org/fhir/StructureDefinition/structuredefinition-standards-status",
          "valueCode" : "informative"
        },
        {
          "url" : "http://hl7.org/fhir/tools/StructureDefinition/ig-page-name",
          "valueUrl" : "Privacy-and-Security-Considerations.html"
        }],
        "nameUrl" : "Privacy-and-Security-Considerations.html",
        "title" : "Privacy and Security Considerations",
        "generation" : "markdown"
      },
      {
        "extension" : [{
          "url" : "http://hl7.org/fhir/StructureDefinition/structuredefinition-standards-status",
          "valueCode" : "informative"
        },
        {
          "url" : "http://hl7.org/fhir/tools/StructureDefinition/ig-page-name",
          "valueUrl" : "profiles.html"
        }],
        "nameUrl" : "profiles.html",
        "title" : "Profiles",
        "generation" : "markdown"
      },
      {
        "extension" : [{
          "url" : "http://hl7.org/fhir/StructureDefinition/structuredefinition-standards-status",
          "valueCode" : "informative"
        },
        {
          "url" : "http://hl7.org/fhir/tools/StructureDefinition/ig-page-name",
          "valueUrl" : "Structure-of-the-International-Patient-Summary.html"
        }],
        "nameUrl" : "Structure-of-the-International-Patient-Summary.html",
        "title" : "Structure of the International Patient Summary",
        "generation" : "markdown"
      },
      {
        "extension" : [{
          "url" : "http://hl7.org/fhir/StructureDefinition/structuredefinition-standards-status",
          "valueCode" : "informative"
        },
        {
          "url" : "http://hl7.org/fhir/tools/StructureDefinition/ig-page-name",
          "valueUrl" : "terminology.html"
        }],
        "nameUrl" : "terminology.html",
        "title" : "Terminology",
        "generation" : "markdown"
      }]
    },
    "parameter" : [{
      "code" : "path-resource",
      "value" : "input/capabilities"
    },
    {
      "code" : "path-resource",
      "value" : "input/examples"
    },
    {
      "code" : "path-resource",
      "value" : "input/extensions"
    },
    {
      "code" : "path-resource",
      "value" : "input/models"
    },
    {
      "code" : "path-resource",
      "value" : "input/operations"
    },
    {
      "code" : "path-resource",
      "value" : "input/profiles"
    },
    {
      "code" : "path-resource",
      "value" : "input/resources"
    },
    {
      "code" : "path-resource",
      "value" : "input/vocabulary"
    },
    {
      "code" : "path-resource",
      "value" : "input/maps"
    },
    {
      "code" : "path-resource",
      "value" : "input/testing"
    },
    {
      "code" : "path-resource",
      "value" : "input/history"
    },
    {
      "code" : "path-resource",
      "value" : "fsh-generated/resources"
    },
    {
      "code" : "path-pages",
      "value" : "template/config"
    },
    {
      "code" : "path-pages",
      "value" : "input/images"
    },
    {
      "code" : "path-tx-cache",
      "value" : "input-cache/txcache"
    }]
  }
}