{
  "resourceType" : "Medication",
  "id" : "eumfh-39-07-1",
  "meta" : {
    "profile" : ["http://hl7.org/fhir/uv/ips/StructureDefinition/Medication-uv-ips"]
  },
  "text" : {
    "status" : "generated",
    "div" : "<div xmlns=\"http://www.w3.org/1999/xhtml\"><p class=\"res-header-id\"><b>Generated Narrative: Medication eumfh-39-07-1</b></p><a name=\"eumfh-39-07-1\"> </a><a name=\"hceumfh-39-07-1\"> </a><a name=\"eumfh-39-07-1-en-US\"> </a><p><b>code</b>: <span title=\"Codes:{http://www.nlm.nih.gov/research/umls/rxnorm 757704}, {http://www.whocc.no/atc C10AA01}\">Simvastatin 40 MG Disintegrating Oral Tablet</span></p><p><b>form</b>: <span title=\"Codes:{http://www.nlm.nih.gov/research/umls/rxnorm 1294713}, {http://standardterms.edqm.eu 10219000}\">Disintegrating Oral Product</span></p><h3>Ingredients</h3><table class=\"grid\"><tr><td style=\"display: none\">-</td><td><b>Item[x]</b></td><td><b>Strength</b></td></tr><tr><td style=\"display: none\">*</td><td><span title=\"Codes:{http://www.nlm.nih.gov/research/umls/rxnorm 36567}\">Simvastatin</span></td><td>40 mcg<span style=\"background: LightGoldenRodYellow\"> (Details: UCUM  codemg = 'mg')</span>/1 tablet<span style=\"background: LightGoldenRodYellow\"> (Details: UCUM  code{tablet} = '{tablet}')</span></td></tr></table></div>"
  },
  "code" : {
    "coding" : [{
      "system" : "http://www.nlm.nih.gov/research/umls/rxnorm",
      "code" : "757704",
      "display" : "Simvastatin 40 MG Disintegrating Oral Tablet"
    },
    {
      "system" : "http://www.whocc.no/atc",
      "code" : "C10AA01",
      "display" : "simvastatin"
    }],
    "text" : "Simvastatin 40 MG Disintegrating Oral Tablet"
  },
  "form" : {
    "coding" : [{
      "system" : "http://www.nlm.nih.gov/research/umls/rxnorm",
      "code" : "1294713",
      "display" : "Disintegrating Oral Product"
    },
    {
      "system" : "http://standardterms.edqm.eu",
      "code" : "10219000",
      "display" : "Tablet"
    }]
  },
  "ingredient" : [{
    "itemCodeableConcept" : {
      "coding" : [{
        "system" : "http://www.nlm.nih.gov/research/umls/rxnorm",
        "code" : "36567",
        "display" : "Simvastatin"
      }]
    },
    "strength" : {
      "numerator" : {
        "value" : 40,
        "unit" : "mcg",
        "system" : "http://unitsofmeasure.org",
        "code" : "mg"
      },
      "denominator" : {
        "value" : 1,
        "unit" : "tablet",
        "system" : "http://unitsofmeasure.org",
        "code" : "{tablet}"
      }
    }
  }]
}