{
  "resourceType" : "Observation",
  "id" : "pregnancy-edd-example",
  "meta" : {
    "profile" : ["http://hl7.org/fhir/uv/ips/StructureDefinition/Observation-pregnancy-edd-uv-ips"]
  },
  "text" : {
    "status" : "generated",
    "div" : "<div xmlns=\"http://www.w3.org/1999/xhtml\"><p class=\"res-header-id\"><b>Generated Narrative: Observation pregnancy-edd-example</b></p><a name=\"pregnancy-edd-example\"> </a><a name=\"hcpregnancy-edd-example\"> </a><a name=\"pregnancy-edd-example-en-US\"> </a><p><b>status</b>: Final</p><p><b>code</b>: <span title=\"Codes:{http://loinc.org 11778-8}\">Delivery date Estimated</span></p><p><b>subject</b>: <a href=\"Patient-patient-example-female.html\">Martha DeLarosa  Female, DoB: 1992-05-01 ( urn:oid:2.16.840.1.113883.2.4.6.3#574687583)</a></p><p><b>effective</b>: 2020-01-10</p><p><b>performer</b>: <a href=\"Patient-eumfh-39-07.html\">Alexander Heig  Male, DoB: 1957 ( http://trilliumbridge.eu/fhir/demos/eumfh/inject#39-07)</a></p><p><b>value</b>: 2020-05-02</p></div>"
  },
  "status" : "final",
  "code" : {
    "coding" : [{
      "system" : "http://loinc.org",
      "code" : "11778-8",
      "display" : "Delivery date Estimated"
    }]
  },
  "subject" : {
    "reference" : "Patient/patient-example-female"
  },
  "effectiveDateTime" : "2020-01-10",
  "performer" : [{
    "reference" : "Patient/eumfh-39-07"
  }],
  "valueDateTime" : "2020-05-02"
}