{
  "resourceType" : "Observation",
  "id" : "serum-creatinine-adult",
  "meta" : {
    "profile" : ["http://hl7.org/fhir/uv/ips/StructureDefinition/Observation-results-laboratory-pathology-uv-ips"]
  },
  "text" : {
    "status" : "generated",
    "div" : "<div xmlns=\"http://www.w3.org/1999/xhtml\"><p class=\"res-header-id\"><b>Generated Narrative: Observation serum-creatinine-adult</b></p><a name=\"serum-creatinine-adult\"> </a><a name=\"hcserum-creatinine-adult\"> </a><a name=\"serum-creatinine-adult-en-US\"> </a><p><b>status</b>: Final</p><p><b>category</b>: <span title=\"Codes:{http://terminology.hl7.org/CodeSystem/observation-category laboratory}\">Laboratory</span></p><p><b>code</b>: <span title=\"Codes:{http://loinc.org 2160-0}\">Creatinine [Mass/volume] in Serum or Plasma</span></p><p><b>subject</b>: <a href=\"Patient-eumfh-39-07.html\">Alexander Heig  Male, DoB: 1957 ( http://trilliumbridge.eu/fhir/demos/eumfh/inject#39-07)</a></p><p><b>effective</b>: 2018-02-16 09:17:00+0100</p><p><b>performer</b>: <a href=\"Organization-TII-Organization1.html\">Organization Someplace General Hospital</a></p><p><b>value</b>: 2.46 mg/dL<span style=\"background: LightGoldenRodYellow\"> (Details: UCUM  codemg/dL = 'mg/dL')</span></p><p><b>interpretation</b>: <span title=\"Codes:{http://terminology.hl7.org/CodeSystem/v3-ObservationInterpretation H}\">High</span></p><blockquote><p><b>referenceRange</b></p><p><b>low</b>: 0.76 mg/dL<span style=\"background: LightGoldenRodYellow\"> (Details: UCUM  codemg/dL = 'mg/dL')</span></p><p><b>high</b>: 1.27 mg/dL<span style=\"background: LightGoldenRodYellow\"> (Details: UCUM  codemg/dL = 'mg/dL')</span></p><p><b>type</b>: <span title=\"Codes:{http://terminology.hl7.org/CodeSystem/referencerange-meaning normal}\">Normal Range</span></p><p><b>appliesTo</b>: <span title=\"Codes:{http://snomed.info/sct 248153007}\">Male</span></p><p><b>age</b>: 15-? yrs</p></blockquote><blockquote><p><b>referenceRange</b></p><p><b>low</b>: 0.57 mg/dL<span style=\"background: LightGoldenRodYellow\"> (Details: UCUM  codemg/dL = 'mg/dL')</span></p><p><b>high</b>: 1 mg/dL<span style=\"background: LightGoldenRodYellow\"> (Details: UCUM  codemg/dL = 'mg/dL')</span></p><p><b>type</b>: <span title=\"Codes:{http://terminology.hl7.org/CodeSystem/referencerange-meaning normal}\">Normal Range</span></p><p><b>appliesTo</b>: <span title=\"Codes:{http://snomed.info/sct 248152002}\">Female</span></p><p><b>age</b>: 15-? yrs</p></blockquote></div>"
  },
  "status" : "final",
  "category" : [{
    "coding" : [{
      "system" : "http://terminology.hl7.org/CodeSystem/observation-category",
      "code" : "laboratory"
    }]
  }],
  "code" : {
    "coding" : [{
      "system" : "http://loinc.org",
      "code" : "2160-0",
      "display" : "Creatinine [Mass/volume] in Serum or Plasma"
    }]
  },
  "subject" : {
    "reference" : "Patient/eumfh-39-07"
  },
  "effectiveDateTime" : "2018-02-16T09:17:00+01:00",
  "performer" : [{
    "reference" : "Organization/TII-Organization1"
  }],
  "valueQuantity" : {
    "value" : 2.46,
    "unit" : "mg/dL",
    "system" : "http://unitsofmeasure.org",
    "code" : "mg/dL"
  },
  "interpretation" : [{
    "coding" : [{
      "system" : "http://terminology.hl7.org/CodeSystem/v3-ObservationInterpretation",
      "code" : "H"
    }]
  }],
  "referenceRange" : [{
    "low" : {
      "value" : 0.76,
      "unit" : "mg/dL",
      "system" : "http://unitsofmeasure.org",
      "code" : "mg/dL"
    },
    "high" : {
      "value" : 1.27,
      "unit" : "mg/dL",
      "system" : "http://unitsofmeasure.org",
      "code" : "mg/dL"
    },
    "type" : {
      "coding" : [{
        "system" : "http://terminology.hl7.org/CodeSystem/referencerange-meaning",
        "code" : "normal",
        "display" : "Normal Range"
      }]
    },
    "appliesTo" : [{
      "coding" : [{
        "system" : "http://snomed.info/sct",
        "code" : "248153007",
        "display" : "Male"
      }]
    }],
    "age" : {
      "low" : {
        "value" : 15,
        "unit" : "yrs",
        "system" : "http://unitsofmeasure.org",
        "code" : "a"
      }
    }
  },
  {
    "low" : {
      "value" : 0.57,
      "unit" : "mg/dL",
      "system" : "http://unitsofmeasure.org",
      "code" : "mg/dL"
    },
    "high" : {
      "value" : 1,
      "unit" : "mg/dL",
      "system" : "http://unitsofmeasure.org",
      "code" : "mg/dL"
    },
    "type" : {
      "coding" : [{
        "system" : "http://terminology.hl7.org/CodeSystem/referencerange-meaning",
        "code" : "normal",
        "display" : "Normal Range"
      }]
    },
    "appliesTo" : [{
      "coding" : [{
        "system" : "http://snomed.info/sct",
        "code" : "248152002",
        "display" : "Female"
      }]
    }],
    "age" : {
      "low" : {
        "value" : 15,
        "unit" : "yrs",
        "system" : "http://unitsofmeasure.org",
        "code" : "a"
      }
    }
  }]
}