{
  "resourceType" : "Observation",
  "id" : "alcohol-use-example",
  "meta" : {
    "profile" : ["http://hl7.org/fhir/uv/ips/StructureDefinition/Observation-alcoholuse-uv-ips"]
  },
  "text" : {
    "status" : "generated",
    "div" : "<div xmlns=\"http://www.w3.org/1999/xhtml\"><p class=\"res-header-id\"><b>Generated Narrative: Observation alcohol-use-example</b></p><a name=\"alcohol-use-example\"> </a><a name=\"hcalcohol-use-example\"> </a><a name=\"alcohol-use-example-en-US\"> </a><p><b>status</b>: Final</p><p><b>code</b>: <span title=\"Codes:{http://loinc.org 74013-4}\">Alcoholic drinks per day</span></p><p><b>subject</b>: <a href=\"Patient-patient-example-female.html\">Martha DeLarosa  Female, DoB: 1992-05-01 ( urn:oid:2.16.840.1.113883.2.4.6.3#574687583)</a></p><p><b>effective</b>: 2019-07-15</p><p><b>performer</b>: <a href=\"Patient-eumfh-39-07.html\">Alexander Heig  Male, DoB: 1957 ( http://trilliumbridge.eu/fhir/demos/eumfh/inject#39-07)</a></p><p><b>value</b>: 2 wine glasses per day<span style=\"background: LightGoldenRodYellow\"> (Details: UCUM  code{wine glasses}/d = '{wine glasses}/d')</span></p></div>"
  },
  "status" : "final",
  "code" : {
    "coding" : [{
      "system" : "http://loinc.org",
      "code" : "74013-4",
      "display" : "Alcoholic drinks per day"
    }]
  },
  "subject" : {
    "reference" : "Patient/patient-example-female"
  },
  "effectiveDateTime" : "2019-07-15",
  "performer" : [{
    "reference" : "Patient/eumfh-39-07"
  }],
  "valueQuantity" : {
    "value" : 2,
    "unit" : "wine glasses per day",
    "system" : "http://unitsofmeasure.org",
    "code" : "{wine glasses}/d"
  }
}