{
  "resourceType" : "Observation",
  "id" : "ips-example-imaging-1",
  "meta" : {
    "profile" : ["http://hl7.org/fhir/uv/ips/StructureDefinition/Observation-results-radiology-uv-ips"]
  },
  "text" : {
    "status" : "generated",
    "div" : "<div xmlns=\"http://www.w3.org/1999/xhtml\"><p class=\"res-header-id\"><b>Generated Narrative: Observation ips-example-imaging-1</b></p><a name=\"ips-example-imaging-1\"> </a><a name=\"hcips-example-imaging-1\"> </a><a name=\"ips-example-imaging-1-en-US\"> </a><p><b>status</b>: Final</p><p><b>category</b>: <span title=\"Codes:{http://terminology.hl7.org/CodeSystem/observation-category imaging}\">Imaging</span></p><p><b>code</b>: <span title=\"Codes:{http://loinc.org 79103-8}\">Upper abdomen with the administration of oral and intravenous contrast (example-4)</span></p><p><b>subject</b>: <a href=\"Patient-eumfh-39-07.html\">Alexander Heig  Male, DoB: 1957 ( http://trilliumbridge.eu/fhir/demos/eumfh/inject#39-07)</a></p><p><b>effective</b>: 1995-06-08</p><p><b>performer</b>: </p><ul><li><a href=\"Practitioner-eumfh-39-07.html\">Practitioner Mark Antonio </a></li><li><a href=\"Organization-TII-Organization1.html\">Organization Someplace General Hospital</a></li></ul><p><b>value</b>: 3 cm nodule present in the inferior medial aspect of right liver lobe. Contrast enhancement pattern consistent with the diagnosis of hemangioma.</p></div>"
  },
  "status" : "final",
  "category" : [{
    "coding" : [{
      "system" : "http://terminology.hl7.org/CodeSystem/observation-category",
      "code" : "imaging",
      "display" : "Imaging"
    }]
  }],
  "code" : {
    "coding" : [{
      "system" : "http://loinc.org",
      "code" : "79103-8",
      "display" : "CT Abdomen W contrast IV"
    }],
    "text" : "Upper abdomen with the administration of oral and intravenous contrast (example-4)"
  },
  "subject" : {
    "reference" : "Patient/eumfh-39-07"
  },
  "effectiveDateTime" : "1995-06-08",
  "performer" : [{
    "reference" : "Practitioner/eumfh-39-07"
  },
  {
    "reference" : "Organization/TII-Organization1"
  }],
  "valueString" : "3 cm nodule present in the inferior medial aspect of right liver lobe. Contrast enhancement pattern consistent with the diagnosis of hemangioma."
}