{
  "resourceType" : "Observation",
  "id" : "hemoglobin",
  "meta" : {
    "profile" : ["http://hl7.org/fhir/uv/ips/StructureDefinition/Observation-results-laboratory-pathology-uv-ips"]
  },
  "text" : {
    "status" : "generated",
    "div" : "<div xmlns=\"http://www.w3.org/1999/xhtml\"><p class=\"res-header-id\"><b>Generated Narrative: Observation hemoglobin</b></p><a name=\"hemoglobin\"> </a><a name=\"hchemoglobin\"> </a><a name=\"hemoglobin-en-US\"> </a><p><b>status</b>: Final</p><p><b>category</b>: <span title=\"Codes:{http://terminology.hl7.org/CodeSystem/observation-category laboratory}\">Laboratory</span></p><p><b>code</b>: <span title=\"Codes:{http://loinc.org 17856-6}\">Hemoglobin A1c/Hemoglobin.total in Blood by HPLC</span></p><p><b>subject</b>: <a href=\"Patient-eumfh-39-07.html\">Alexander Heig  Male, DoB: 1957 ( http://trilliumbridge.eu/fhir/demos/eumfh/inject#39-07)</a></p><p><b>effective</b>: 2017-11-10 08:20:00+0100</p><p><b>performer</b>: <a href=\"Organization-TII-Organization1.html\">Organization Someplace General Hospital</a></p><p><b>value</b>: 7.5 %<span style=\"background: LightGoldenRodYellow\"> (Details: UCUM  code% = '%')</span></p><p><b>note</b>: Above stated goal of 7.0 %</p></div>"
  },
  "status" : "final",
  "category" : [{
    "coding" : [{
      "system" : "http://terminology.hl7.org/CodeSystem/observation-category",
      "code" : "laboratory"
    }]
  }],
  "code" : {
    "coding" : [{
      "system" : "http://loinc.org",
      "code" : "17856-6",
      "display" : "Hemoglobin A1c/Hemoglobin.total in Blood by HPLC"
    }]
  },
  "subject" : {
    "reference" : "Patient/eumfh-39-07"
  },
  "effectiveDateTime" : "2017-11-10T08:20:00+01:00",
  "performer" : [{
    "reference" : "Organization/TII-Organization1"
  }],
  "valueQuantity" : {
    "value" : 7.5,
    "unit" : "%",
    "system" : "http://unitsofmeasure.org",
    "code" : "%"
  },
  "note" : [{
    "text" : "Above stated goal of 7.0 %"
  }]
}