{
  "resourceType" : "Observation",
  "id" : "urine-wbc-range",
  "meta" : {
    "profile" : ["http://hl7.org/fhir/uv/ips/StructureDefinition/Observation-results-laboratory-pathology-uv-ips"]
  },
  "text" : {
    "status" : "generated",
    "div" : "<div xmlns=\"http://www.w3.org/1999/xhtml\"><p class=\"res-header-id\"><b>Generated Narrative: Observation urine-wbc-range</b></p><a name=\"urine-wbc-range\"> </a><a name=\"hcurine-wbc-range\"> </a><a name=\"urine-wbc-range-en-US\"> </a><p><b>status</b>: Final</p><p><b>category</b>: <span title=\"Codes:{http://terminology.hl7.org/CodeSystem/observation-category laboratory}\">Laboratory</span></p><p><b>code</b>: <span title=\"Codes:{http://loinc.org 5821-4}\">Leukocytes [#/area] in Urine sediment by Microscopy high power field</span></p><p><b>subject</b>: <a href=\"Patient-66033.html\">Marie Lux-Brennard  Female, DoB: 1998-04-17 ( urn:oid:1.3.182.4.4#1998041799999)</a></p><p><b>effective</b>: 2018-02-16 09:17:00+0100</p><p><b>performer</b>: <a href=\"Organization-TII-Organization1.html\">Organization Someplace General Hospital</a></p><p><b>value</b>: 10 per HPF<span style=\"background: LightGoldenRodYellow\"> (Details: UCUM  code/[HPF] = '/[HPF]')</span></p><p><b>interpretation</b>: <span title=\"Codes:{http://terminology.hl7.org/CodeSystem/v3-ObservationInterpretation H}\">High</span></p><h3>ReferenceRanges</h3><table class=\"grid\"><tr><td style=\"display: none\">-</td><td><b>High</b></td><td><b>Type</b></td></tr><tr><td style=\"display: none\">*</td><td>5 per HPF<span style=\"background: LightGoldenRodYellow\"> (Details: UCUM  code/[HPF] = '/[HPF]')</span></td><td><span title=\"Codes:{http://terminology.hl7.org/CodeSystem/referencerange-meaning normal}\">Normal Range</span></td></tr></table></div>"
  },
  "status" : "final",
  "category" : [{
    "coding" : [{
      "system" : "http://terminology.hl7.org/CodeSystem/observation-category",
      "code" : "laboratory"
    }]
  }],
  "code" : {
    "coding" : [{
      "system" : "http://loinc.org",
      "code" : "5821-4",
      "display" : "Leukocytes [#/area] in Urine sediment by Microscopy high power field"
    }]
  },
  "subject" : {
    "reference" : "Patient/66033"
  },
  "effectiveDateTime" : "2018-02-16T09:17:00+01:00",
  "performer" : [{
    "reference" : "Organization/TII-Organization1"
  }],
  "valueQuantity" : {
    "value" : 10,
    "unit" : "per HPF",
    "system" : "http://unitsofmeasure.org",
    "code" : "/[HPF]"
  },
  "interpretation" : [{
    "coding" : [{
      "system" : "http://terminology.hl7.org/CodeSystem/v3-ObservationInterpretation",
      "code" : "H"
    }]
  }],
  "referenceRange" : [{
    "high" : {
      "value" : 5,
      "unit" : "per HPF",
      "system" : "http://unitsofmeasure.org",
      "code" : "/[HPF]"
    },
    "type" : {
      "coding" : [{
        "system" : "http://terminology.hl7.org/CodeSystem/referencerange-meaning",
        "code" : "normal",
        "display" : "Normal Range"
      }]
    }
  }]
}