{
  "resourceType" : "Observation",
  "id" : "tobacco-use-example",
  "meta" : {
    "profile" : ["http://hl7.org/fhir/uv/ips/StructureDefinition/Observation-tobaccouse-uv-ips"]
  },
  "text" : {
    "status" : "generated",
    "div" : "<div xmlns=\"http://www.w3.org/1999/xhtml\"><p class=\"res-header-id\"><b>Generated Narrative: Observation tobacco-use-example</b></p><a name=\"tobacco-use-example\"> </a><a name=\"hctobacco-use-example\"> </a><a name=\"tobacco-use-example-en-US\"> </a><p><b>status</b>: Final</p><p><b>code</b>: <span title=\"Codes:{http://loinc.org 72166-2}\">Tobacco smoking status</span></p><p><b>subject</b>: <a href=\"Patient-patient-example-female.html\">Martha DeLarosa  Female, DoB: 1992-05-01 ( urn:oid:2.16.840.1.113883.2.4.6.3#574687583)</a></p><p><b>effective</b>: 2019-07-15</p><p><b>performer</b>: <a href=\"Patient-eumfh-39-07.html\">Alexander Heig  Male, DoB: 1957 ( http://trilliumbridge.eu/fhir/demos/eumfh/inject#39-07)</a></p><p><b>value</b>: <span title=\"Codes:{http://loinc.org LA15920-4}\">Former smoker</span></p></div>"
  },
  "status" : "final",
  "code" : {
    "coding" : [{
      "system" : "http://loinc.org",
      "code" : "72166-2",
      "display" : "Tobacco smoking status"
    }]
  },
  "subject" : {
    "reference" : "Patient/patient-example-female"
  },
  "effectiveDateTime" : "2019-07-15",
  "performer" : [{
    "reference" : "Patient/eumfh-39-07"
  }],
  "valueCodeableConcept" : {
    "coding" : [{
      "system" : "http://loinc.org",
      "code" : "LA15920-4",
      "display" : "Former smoker"
    }]
  }
}