{
  "resourceType" : "Organization",
  "id" : "lab-org-example",
  "meta" : {
    "profile" : ["http://hl7.org/fhir/uv/ips/StructureDefinition/Organization-uv-ips"]
  },
  "text" : {
    "status" : "generated",
    "div" : "<div xmlns=\"http://www.w3.org/1999/xhtml\"><p class=\"res-header-id\"><b>Generated Narrative: Organization lab-org-example</b></p><a name=\"lab-org-example\"> </a><a name=\"hclab-org-example\"> </a><a name=\"lab-org-example-en-US\"> </a><p><b>active</b>: true</p><p><b>type</b>: <span title=\"Codes:{http://snomed.info/sct 73588009}\">Hospital-based laboratory facility</span></p><p><b>name</b>: Best Hospital Laboratory</p></div>"
  },
  "active" : true,
  "type" : [{
    "coding" : [{
      "system" : "http://snomed.info/sct",
      "code" : "73588009",
      "display" : "Hospital-based laboratory facility"
    }]
  }],
  "name" : "Best Hospital Laboratory"
}