{
  "resourceType" : "ValueSet",
  "id" : "results-specimen-collection-method-uv-ips",
  "meta" : {
    "profile" : ["http://hl7.org/fhir/StructureDefinition/shareablevalueset"]
  },
  "text" : {
    "status" : "generated",
    "div" : "<div xmlns=\"http://www.w3.org/1999/xhtml\"><p class=\"res-header-id\"><b>Generated Narrative: ValueSet results-specimen-collection-method-uv-ips</b></p><a name=\"results-specimen-collection-method-uv-ips\"> </a><a name=\"hcresults-specimen-collection-method-uv-ips\"> </a><a name=\"results-specimen-collection-method-uv-ips-en-US\"> </a><p>This value set includes codes based on the following rules:</p><ul><li>Include codes from<a href=\"http://www.snomed.org/\"><code>http://snomed.info/sct</code></a> where concept  is-a 129316008 (Aspiration - action)</li><li>Include codes from<a href=\"http://www.snomed.org/\"><code>http://snomed.info/sct</code></a> where concept  is-a 129314006 (Biopsy - action)</li><li>Include codes from<a href=\"http://www.snomed.org/\"><code>http://snomed.info/sct</code></a> where concept  is-a 129300006 (Puncture - action)</li><li>Include codes from<a href=\"http://www.snomed.org/\"><code>http://snomed.info/sct</code></a> where concept  is-a 129304002 (Excision - action)</li><li>Include codes from<a href=\"http://www.snomed.org/\"><code>http://snomed.info/sct</code></a> where concept  is-a 129323009 (Scraping - action)</li><li>Include codes from<a href=\"http://www.snomed.org/\"><code>http://snomed.info/sct</code></a> where concept  is-a 73416001 (Urine specimen collection, clean catch)</li><li>Include codes from<a href=\"http://www.snomed.org/\"><code>http://snomed.info/sct</code></a> where concept  is-a 225113003 (Timed urine collection)</li><li>Include codes from<a href=\"http://www.snomed.org/\"><code>http://snomed.info/sct</code></a> where concept  is-a 70777001 (Urine specimen collection, catheterized)</li><li>Include codes from<a href=\"http://www.snomed.org/\"><code>http://snomed.info/sct</code></a> where concept  is-a 386089008 (Collection of coughed sputum (procedure))</li><li>Include codes from<a href=\"http://www.snomed.org/\"><code>http://snomed.info/sct</code></a> where concept  is-a 278450005 (Finger stick)</li></ul></div>"
  },
  "extension" : [{
    "url" : "http://hl7.org/fhir/StructureDefinition/structuredefinition-wg",
    "valueCode" : "pc"
  },
  {
    "url" : "http://hl7.org/fhir/StructureDefinition/structuredefinition-fmm",
    "valueInteger" : 2,
    "_valueInteger" : {
      "extension" : [{
        "url" : "http://hl7.org/fhir/StructureDefinition/structuredefinition-conformance-derivedFrom",
        "valueCanonical" : "http://hl7.org/fhir/uv/ips/ImplementationGuide/hl7.fhir.uv.ips"
      }]
    }
  },
  {
    "url" : "http://hl7.org/fhir/StructureDefinition/structuredefinition-standards-status",
    "valueCode" : "trial-use",
    "_valueCode" : {
      "extension" : [{
        "url" : "http://hl7.org/fhir/StructureDefinition/structuredefinition-conformance-derivedFrom",
        "valueCanonical" : "http://hl7.org/fhir/uv/ips/ImplementationGuide/hl7.fhir.uv.ips"
      }]
    }
  }],
  "url" : "http://hl7.org/fhir/uv/ips/ValueSet/results-specimen-collection-method-uv-ips",
  "version" : "2.0.0-ballot",
  "name" : "ResultsSpecimenCollectionMethodUvIps",
  "title" : "Results Specimen Collection Method - IPS",
  "status" : "active",
  "experimental" : false,
  "date" : "2024-08-14T14:11:06+00:00",
  "publisher" : "HL7 International / Patient Care",
  "contact" : [{
    "name" : "HL7 International / Patient Care",
    "telecom" : [{
      "system" : "url",
      "value" : "http://www.hl7.org/Special/committees/patientcare"
    }]
  }],
  "description" : "IPS Specimen collection method codes value set.  This value set includes codes from SNOMED CT®: all descendants or self of 129316008 \\|Aspiration - action (qualifier value)\\|; all descendants or self of 129314006 \\|Biopsy - action (qualifier value)\\|; all descendants or self of 129300006 \\|Puncture - action (qualifier value)\\|; all descendants or self of 129304002 \\|Excision - action (qualifier value)\\|; all descendants or self of 129323009 \\|Scraping - action (qualifier value)\\|; all descendants or self of 73416001 \\|Urine specimen collection, clean catch (procedure)\\|; all descendants or self of 225113003 \\|Timed urine collection (procedure)\\|; all descendants or self of 70777001 \\|Urine specimen collection, catheterized (procedure)\\|; all descendants or self of 386089008 \\|Collection of coughed sputum (procedure)\\|; all descendants or self of 278450005 \\|Finger-prick sampling (procedure)\\| \n\nSNOMED CT® ECL definition:\\\n\\<\\< 129316008 \\|Aspiration - action (qualifier value)\\| OR \\<\\< 129314006 \\|Biopsy - action (qualifier value)\\| OR \\<\\< 129300006 \\|Puncture - action (qualifier value)\\| OR \\<\\< 129304002 \\|Excision - action (qualifier value)\\| OR \\<\\< 129323009 \\|Scraping - action (qualifier value)\\| OR \\<\\< 73416001 \\|Urine specimen collection, clean catch (procedure)\\| OR \\<\\< 225113003 \\|Timed urine collection (procedure)\\| OR \\<\\< 70777001 \\|Urine specimen collection, catheterized (procedure)\\| OR \\<\\< 386089008 \\|Collection of coughed sputum (procedure)\\| OR \\<\\< 278450005 \\|Finger-prick sampling (procedure)\\|",
  "jurisdiction" : [{
    "coding" : [{
      "system" : "http://unstats.un.org/unsd/methods/m49/m49.htm",
      "code" : "001",
      "display" : "World"
    }]
  }],
  "immutable" : false,
  "copyright" : "This value set includes content from SNOMED CT, which is copyright © 2002+ International Health Terminology Standards Development Organisation (IHTSDO), and distributed by agreement between IHTSDO and HL7. Implementer use of SNOMED CT is not covered by this agreement",
  "compose" : {
    "include" : [{
      "system" : "http://snomed.info/sct",
      "filter" : [{
        "property" : "concept",
        "op" : "is-a",
        "value" : "129316008"
      }]
    },
    {
      "system" : "http://snomed.info/sct",
      "filter" : [{
        "property" : "concept",
        "op" : "is-a",
        "value" : "129314006"
      }]
    },
    {
      "system" : "http://snomed.info/sct",
      "filter" : [{
        "property" : "concept",
        "op" : "is-a",
        "value" : "129300006"
      }]
    },
    {
      "system" : "http://snomed.info/sct",
      "filter" : [{
        "property" : "concept",
        "op" : "is-a",
        "value" : "129304002"
      }]
    },
    {
      "system" : "http://snomed.info/sct",
      "filter" : [{
        "property" : "concept",
        "op" : "is-a",
        "value" : "129323009"
      }]
    },
    {
      "system" : "http://snomed.info/sct",
      "filter" : [{
        "property" : "concept",
        "op" : "is-a",
        "value" : "73416001"
      }]
    },
    {
      "system" : "http://snomed.info/sct",
      "filter" : [{
        "property" : "concept",
        "op" : "is-a",
        "value" : "225113003"
      }]
    },
    {
      "system" : "http://snomed.info/sct",
      "filter" : [{
        "property" : "concept",
        "op" : "is-a",
        "value" : "70777001"
      }]
    },
    {
      "system" : "http://snomed.info/sct",
      "filter" : [{
        "property" : "concept",
        "op" : "is-a",
        "value" : "386089008"
      }]
    },
    {
      "system" : "http://snomed.info/sct",
      "filter" : [{
        "property" : "concept",
        "op" : "is-a",
        "value" : "278450005"
      }]
    }]
  }
}