{
  "resourceType" : "ValueSet",
  "id" : "vaccines-whoatc-uv-ips",
  "meta" : {
    "profile" : ["http://hl7.org/fhir/StructureDefinition/shareablevalueset"]
  },
  "text" : {
    "status" : "generated",
    "div" : "<div xmlns=\"http://www.w3.org/1999/xhtml\"><p class=\"res-header-id\"><b>Generated Narrative: ValueSet vaccines-whoatc-uv-ips</b></p><a name=\"vaccines-whoatc-uv-ips\"> </a><a name=\"hcvaccines-whoatc-uv-ips\"> </a><a name=\"vaccines-whoatc-uv-ips-en-US\"> </a><ul><li>Include codes from<a href=\"http://www.whocc.no/atc\"><code>http://www.whocc.no/atc</code></a> where concept  descends from J07 (VACCINES)</li></ul></div>"
  },
  "extension" : [{
    "url" : "http://hl7.org/fhir/StructureDefinition/structuredefinition-wg",
    "valueCode" : "pc"
  },
  {
    "url" : "http://hl7.org/fhir/StructureDefinition/structuredefinition-fmm",
    "valueInteger" : 2,
    "_valueInteger" : {
      "extension" : [{
        "url" : "http://hl7.org/fhir/StructureDefinition/structuredefinition-conformance-derivedFrom",
        "valueCanonical" : "http://hl7.org/fhir/uv/ips/ImplementationGuide/hl7.fhir.uv.ips"
      }]
    }
  },
  {
    "url" : "http://hl7.org/fhir/StructureDefinition/structuredefinition-standards-status",
    "valueCode" : "trial-use",
    "_valueCode" : {
      "extension" : [{
        "url" : "http://hl7.org/fhir/StructureDefinition/structuredefinition-conformance-derivedFrom",
        "valueCanonical" : "http://hl7.org/fhir/uv/ips/ImplementationGuide/hl7.fhir.uv.ips"
      }]
    }
  }],
  "url" : "http://hl7.org/fhir/uv/ips/ValueSet/vaccines-whoatc-uv-ips",
  "version" : "2.0.0-ballot",
  "name" : "VaccinesWhoAtcUvIps",
  "title" : "Vaccines WHO ATC - IPS",
  "status" : "active",
  "experimental" : false,
  "date" : "2024-08-14T14:11:06+00:00",
  "publisher" : "HL7 International / Patient Care",
  "contact" : [{
    "name" : "HL7 International / Patient Care",
    "telecom" : [{
      "system" : "url",
      "value" : "http://www.hl7.org/Special/committees/patientcare"
    }]
  }],
  "description" : "IPS Vaccine codes value set.  This value set includes codes from the World Health Organization Anatomical Therapeutic Chemical (ATC) classification system: all descendants of J07 \"VACCINES\"",
  "jurisdiction" : [{
    "coding" : [{
      "system" : "http://unstats.un.org/unsd/methods/m49/m49.htm",
      "code" : "001",
      "display" : "World"
    }]
  }],
  "immutable" : false,
  "copyright" : "This artifact includes content from Anatomical Therapeutic Chemical (ATC) classification system. ATC codes are copyright World Health Organization (WHO) Collaborating Centre for Drug Statistics Methodology. Terms & Conditions in https://www.whocc.no/use_of_atc_ddd/",
  "compose" : {
    "include" : [{
      "system" : "http://www.whocc.no/atc",
      "filter" : [{
        "property" : "concept",
        "op" : "descendent-of",
        "value" : "J07"
      }]
    }]
  }
}